Marriage,Husband,Wife,Date,Place,Source,Note
[F0001],[I0002],[I0001],1840-02-10,[P0172],,
[F0002],[I0004],[I0012],1863-03-10,[P0106],,
[F0003],[I0020],[I0003],1858-01-25,[P0028],,
[F0004],[I0037],[I0039],1894-11-26,[P0634],,
[F0005],[I0010],[I0023],1882-04-27,[P0106],,
[F0006],[I0025],[I0011],1885-07-23,[P0635],,
[F0007],[I0014],[I0030],1893-07-06,[P0636],,
[F0008],[I0022],[I0005],1862-07-01,[P0637],,
[F0009],[I0040],[I0041],1866,,,
[F0010],[I0042],[I0043],1817,,,
[F0011],[I0044],[I0045],1840,,,
[F0012],[I0032],[I0051],1923-04-26,,,
[F0013],[I0054],[I0053],1960-05-06,[P0638],,
[F0014],[I0057],[I0052],1947-11-20,[P0174],,
[F0015],[I0062],[I0059],1973-11-14,[P0174],,
[F0016],[I0058],[I0065],1981-07-29,[P0639],,
[F0017],[I0035],[I0066],1934-11-29,[P0174],,
[F0018],[I0068],[I0033],1922-02-28,[P0174],,
[F0019],[I0034],[I0069],1935-11-06,[P0006],,
[F0020],[I0031],[I0070],1937-06-03,[P0640],,
[F0021],[I0071],[I0017],1896-07-22,[P0006],,
[F0022],[I0072],[I0079],1888,,,
[F0023],[I0088],[I0089],1972-07-00,,,
[F0024],[I0091],[I0070],1916,,,
[F0025],[I0092],[I0070],1928,,,
[F0026],[I0006],[I0094],1874-01-23,[P0641],,
[F0027],[I0100],[I0038],1884,,,
[F0028],[I0104],[I0101],1903,,,
[F0029],[I0105],[I0015],1889-07-27,[P0006],,
[F0030],[I0108],[I0106],1963-04-00,[P0320],,
[F0031],[I0067],[I0111],1961,,,
[F0032],[I0117],[I0007],1866-07-05,[P0642],,
[F0033],[I0119],[I0118],,,,
[F0034],[I0009],[I0120],1879-03-13,[P0106],,
[F0035],[I0124],[I0121],1905-06-15,[P0643],,
[F0036],[I0122],[I0125],,,,
[F0037],[I0126],[I0123],,,,
[F0038],[I0280],[I0024],,,,
[F0039],[I0130],[I0131],,,,
[F0040],[I0132],[I0134],,,,
[F0041],[I0137],[I0136],,,,
[F0042],[I0133],[I0138],1818-07-11,[P0105],,
[F0043],[I0139],[I0140],1817-07-31,[P0184],,
[F0044],[I0141],[I0142],1785,,,
[F0045],[I0141],[I0143],1795-04-08,[P0644],,
[F0046],[I0145],[I0146],,,,
[F0047],[I0149],[I0157],1874,,,
[F0048],[I0160],[I0161],1921,,,
[F0049],[I0083],[I0097],1894,,,
[F0050],[I0152],[I0163],1889,,,
[F0051],[I2675],[I0154],1894,,,
[F0052],[I0167],[I0166],,,,
[F0053],[I0060],[I0168],1986-07-23,[P0174],,
[F0054],[I0169],[I0170],1956-01-00,[P0645],,
[F0055],[I0171],[I0172],,,,
[F0056],[I0182],[I0183],,,,
[F0057],[I0184],[I0185],,,,
[F0058],[I0187],[I0188],,,,
[F0059],[I0190],[I0188],,,,
[F0060],[I0191],[I0174],,,,
[F0061],[I0175],[I0192],,,,
[F0062],[I0176],[I0193],,,,
[F0063],[I0178],[I0194],,,,
[F0064],[I0195],[I0179],,,,
[F0065],[I0180],[I0196],,,,
[F0066],[I0181],[I0197],,,,
[F0067],[I0019],[I1216],,,,
[F0068],[I0199],[I0200],,,,
[F0069],[I0201],[I0008],1871-03-21,[P0106],,
[F0070],[I2448],,,,,
[F0071],[I0207],[I0208],,,,
[F0072],[I0211],[I0210],1818-04-07,[P0130],,
[F0073],[I0203],[I0219],1818-07-11,[P0105],,
[F0074],[I0225],[I0226],1842,,,
[F0075],[I0227],[I0228],1867,,,
[F0076],[I0229],[I1362],1902,,,
[F0077],[I0124],[I0238],1923-11-03,[P0172],,
[F0078],[I0239],[I0093],1954,[P0174],,
[F0079],[I0239],[I0243],1976-07-14,[P0646],,
[F0080],[I1696],[I0144],1816-05-02,[P0647],,
[F0081],[I0246],[I0517],,,,
[F0082],[I0247],[I0204],1797-05-18,[P0644],,
[F0083],[I0212],[I0248],1815-08-29,[P0647],,
[F0084],[I0249],[I0250],1843-02-18,[P0159],,
[F0085],[I0251],[I0254],,,,
[F0086],[I0261],[I0252],,,,
[F0087],[I0262],[I0263],,,,
[F0088],[I0264],[I0267],,,,
[F0089],[I0271],[I0135],,,,
[F0090],[I0272],[I0273],,,,
[F0091],[I0278],[I0281],,,,
[F0092],[I0286],[I0127],1308-01-25,[P0648],,
[F0093],[I0290],[I0214],,,,
[F0094],[I0244],[I0292],1949,,,
[F0095],[I0291],[I0296],1952,,,
[F0096],[I0298],[I0299],1810,,,
[F0097],[I0301],[I0302],,,,
[F0098],[I0303],[I0304],,,,
[F0099],[I0307],[I0306],,,,
[F0100],[I0309],[I0096],1893-01-10,[P0167],,
[F0101],[I0244],[I0314],1967,,,
[F0102],[I0291],[I0316],1978,,,
[F0103],[I0107],[I0319],1978-06-30,[P0549],,
[F0104],[I0321],[I0322],1705-08-22,[P0133],,
[F0105],[I0323],[I0332],1736-05-08,[P0649],,
[F0106],[I0341],[I0342],1682-11-22,[P0188],,
[F0107],[I0344],[I0331],1743-12-11,[P0193],,
[F0108],[I0345],[I0346],1810,,,
[F0109],[I0347],[I0348],1851,,,
[F0110],[I0349],[I0350],1804,,,
[F0111],[I0351],[I0352],,,,
[F0112],[I0353],[I0354],1848,,,
[F0113],[I0355],[I0356],,,,
[F0114],[I0357],[I0358],1836,,,
[F0115],[I0360],[I0361],,,,
[F0116],[I0362],[I0363],,,,
[F0117],[I0364],[I0365],,,,
[F0118],[I0366],[I0367],,,,
[F0119],[I0368],[I0369],,,,
[F0120],[I0370],[I0371],,,,
[F0121],[I0372],[I0373],,,,
[F0122],[I0374],[I0375],,,,
[F0123],[I0376],[I0377],,,,
[F0124],[I0378],[I0379],,,,
[F0125],[I0380],[I0381],,,,
[F0126],[I0382],[I0383],,,,
[F0127],[I0384],[I0385],,,,
[F0128],[I0386],[I0387],,,,
[F0129],[I0388],[I0389],,,,
[F0130],[I0390],[I0391],,,,
[F0131],[I0392],[I0393],,,,
[F0132],[I0394],[I0395],,,,
[F0133],[I0396],[I0397],,,,
[F0134],[I0398],[I0399],,,,
[F0135],[I0400],[I0401],,,,
[F0136],[I0021],[I0402],,,,
[F0137],[I0403],[I0077],,,,
[F0138],[I0404],[I0074],,,,
[F0139],[I0405],[I0076],1889-10-27,[P0067],,
[F0140],[I0406],[I0078],,,,
[F0141],[I0129],[I0407],,,,
[F0142],[I0026],[I0408],,,,
[F0143],[I0409],[I0027],1906,[P0650],,
[F0144],[I0151],[I0084],1884,,,
[F0145],[I0162],[I0410],,,,
[F0146],[I0021],[I0419],1922-11-05,[P0032],,
[F0147],[I0412],[I0427],,,,
[F0148],[I0429],[I0428],,,,
[F0149],[I0432],[I0434],1935,[P0271],,
[F0150],[I0439],[I0437],1921-02-27,[P0651],,
[F0151],[I0440],[I0436],,,,
[F0152],[I0435],[I0441],1962,,,
[F0153],[I0450],[I0451],1929,,,
[F0154],[I0452],[I0453],1968-08-00,[P0652],,
[F0155],[I0456],[I0457],1881,,,
[F0156],[I0458],[I0459],1857-06-06,[P0211],,
[F0157],[I0083],[I0460],1905,,,
[F0158],[I0461],[I0463],1931,,,
[F0159],[I0462],[I0464],1937,,,
[F0160],[I0438],[I0233],1921-03-10,[P0067],,
[F0161],[I0468],[I0469],1948-06-10,[P0067],,
[F0162],[I0232],[I0470],,,,
[F0163],[I0471],[I0472],1964-09-18,[P0067],,
[F0164],[I0234],[I0473],1919-11-04,[P0067],,
[F0165],[I0475],[I0474],,,,
[F0166],[I0477],[I0147],1931,,,
[F0167],[I0479],[I0148],1931,,,
[F0168],[I0481],[I0476],1930,,,
[F0169],[I0482],[I0476],1946,,,
[F0170],[I0484],[I0485],,,,
[F0171],[I0488],[I0224],,,,
[F0172],[I0486],[I0489],1889,,,
[F0173],[I0487],[I0490],,,,
[F0174],[I0493],[I0495],1833,,,
[F0175],[I0103],[I0494],,,,
[F0176],[I0102],[I0502],,,,
[F0177],[I0505],[I0500],,,,
[F0178],[I0507],[I0501],,,,
[F0179],[I0162],[I0510],,,,
[F0180],[I0418],[I1682],1830,,,
[F0181],[I0418],[I0513],,,,
[F0182],[I0417],[I0514],,,,
[F0183],[I0515],[I2654],1822,,,
[F0184],[I0414],[I0516],,,,
[F0185],[I0202],[I0555],,,,
[F0186],[I0420],[I0518],,,,
[F0187],[I0519],[I0525],,,,
[F0188],[I0520],[I0528],1938,,,
[F0189],[I0521],[I0536],,,,
[F0190],[I0521],[I0537],,,,
[F0191],[I0522],[I0540],,,,
[F0192],[I0546],[I0524],,,,
[F0193],[I0421],[I0547],,,,
[F0194],[I0422],[I0548],,,,
[F0195],[I0423],[I0549],,,,
[F0196],[I0424],[I0550],,,,
[F0197],[I0425],[I0551],,,,
[F0198],[I0552],[I0426],1913,,,
[F0199],[I0553],[I0554],1765-07-14,[P0225],,
[F0200],[I0553],[I0556],1769-07-14,[P0225],,
[F0201],[I0558],[I0248],1815-08-29,[P0028],,
[F0202],[I0565],[I0559],1791-10-01,[P0031],,
[F0203],[I0566],[I0561],,,,
[F0204],[I0563],[I0567],,,,
[F0205],[I0568],[I0569],,,,
[F0206],[I0573],[I0571],,,,
[F0207],[I0574],[I0575],1760,,,
[F0208],[I0576],[I0577],,,,
[F0209],[I0578],[I0579],,,,
[F0210],[I0580],[I0581],,,,
[F0211],[I0582],[I0583],,,,
[F0212],[I0585],[I0584],,,,
[F0213],[I0158],[I0097],1905,[P0653],,
[F0214],[I0588],[I0589],1948,[P0383],,
[F0215],[I0597],[I0598],1897,,,
[F0216],[I0600],[I0599],1926-11-10,[P0235],,
[F0217],[I0445],[I0602],1932,,,
[F0218],[I0604],[I0605],,,,
[F0219],[I0606],[I0607],1898,,,
[F0220],[I0603],[I1612],1976-06-19,[P0094],,
[F0221],[I0611],[I0612],,,,
[F0222],[I0615],[I0614],,,,
[F0223],[I0616],[I0617],1709,,,
[F0224],[I0620],[I0619],1727,,,
[F0225],[I0621],[I0622],,,,
[F0226],[I0623],[I0624],,,,
[F0227],[I0625],[I0627],,,,
[F0228],[I0629],[I0628],,,,
[F0229],[I0631],[I0630],,,,
[F0230],[I0632],[I0633],,,,
[F0231],[I0635],[I0634],,,,
[F0232],[I0637],[I0626],1797,,,
[F0233],[I0639],[I0638],,,,
[F0234],[I0640],[I0642],,,,
[F0235],[I0643],[I0644],,,,
[F0236],[I0646],[I0647],,,,
[F0237],[I0648],[I0641],,,,
[F0238],[I0618],[I0324],,,,
[F0239],[I0650],[I0651],,,,
[F0240],[I0652],[I0654],1816,,,
[F0241],[I0655],[I0656],1879-01-07,[P0033],,
[F0242],[I0658],[I0657],1901-02-07,[P0249],,
[F0243],[I0660],[I0659],1937-01-07,[P0249],,
[F0244],[I0613],[I0662],,,,
[F0245],[I0663],[I0664],,,,
[F0246],[I0666],[I0665],,,,
[F0247],[I0668],[I0667],,,,
[F0248],[I0669],[I0670],,,,
[F0249],[I0672],[I0671],,,,
[F0250],[I0673],[I0674],,,,
[F0251],[I0676],[I0675],,,,
[F0252],[I0678],[I0679],,,,
[F0253],[I0680],[I0681],,,,
[F0254],[I0683],[I0682],1879,,,
[F0255],[I0684],[I0595],,,,
[F0256],[I0686],[I0685],,,,
[F0257],[I0688],[I0687],1868-02-20,[P0549],,
[F0258],[I0689],[I0690],,,,
[F0259],[I0692],[I0693],1683-07-28,[P0654],,
[F0260],[I0706],[I0707],1659-11-24,[P0655],,
[F0261],[I0706],[I0715],1673-11-21,[P0656],,
[F0262],[I0719],[I0721],1719-09-03,[P0657],,
[F0263],[I0722],[I0724],1772-04-17,[P0658],,
[F0264],[I0725],[I0726],1589-11-23,[P0360],,
[F0265],[I0735],[I0728],1613-02-14,[P0266],,
[F0266],[I0758],[I0736],,,,
[F0267],[I0772],[I0771],1684-10-08,[P0133],,
[F0268],[I0737],[I0738],1572-07-20,[P0150],,
[F0269],[I0750],[I0744],,,,
[F0270],[I0730],[I0739],1625-06-13,[P0659],,
[F0271],[I0740],[I0741],1600-12-17,,,
[F0272],[I0751],[I0749],1661-03-31,[P0660],,
[F0273],[I0743],[I0752],1662-05-20,[P0661],,
[F0274],[I0753],[I0754],,,,
[F0275],[I0755],[I0756],,,,
[F0276],[I0757],[I0709],1677-11-04,[P0269],,
[F0277],[I0759],[I0760],,,,
[F0278],[I1172],[I0419],,,,
[F0279],[I0336],[I0762],,,,
[F0280],[I0337],[I0763],,,,
[F0281],[I0764],[I0340],1766-11-08,[P0193],,
[F0282],[I0773],[I0774],1486-01-18,[P0662],,
[F0283],[I0777],[I0778],,,,
[F0284],[I0779],[I0780],,,,
[F0285],[I0781],[I0782],,,,
[F0286],[I0783],[I0784],,,,
[F0287],[I0785],[I0786],,,,
[F0288],[I0788],[I0787],,,,
[F0289],[I0789],[I0790],,,,
[F0290],[I0792],[I0791],,,,
[F0291],[I0793],[I0794],,,,
[F0292],[I0795],[I0796],,,,
[F0293],[I0797],[I0798],,,,
[F0294],[I0799],[I0800],,,,
[F0295],[I0802],[I0319],1971-09-00,,,
[F0296],[I0803],[I1607],,,,
[F0297],[I0804],[I0093],1969,,,
[F0298],[I0804],[I0805],,,,
[F0299],[I2984],[I0806],1927-04-23,,,
[F0300],[I0807],[I0241],1978-03-00,[P0663],,
[F0301],[I0809],[I0240],1980-05-00,,,
[F0302],[I0810],,,,,
[F0303],[I0811],[I0812],,,,
[F0304],[I0814],[I2947],,,,
[F0305],[I0815],,,,,
[F0306],[I0816],[I0817],,,,
[F0307],[I0818],,,,,
[F0308],[I0819],,,,,
[F0309],[I0820],[I0821],,,,
[F0310],[I0823],[I0824],about 1953,,,
[F0311],[I0823],[I0170],1975-07-00,[P0664],,
[F0312],[I0825],[I0822],1976-07-00,[P0665],,
[F0313],[I0775],[I0833],1501-11-14,[P0666],,
[F0314],[I0834],[I0776],1503-08-08,[P0667],,
[F0315],[I1473],[I1472],,,,
[F0316],[I0837],[I0776],1528-03-03,,,
[F0317],[I0838],[I0830],1514-10-09,[P0668],,
[F0318],[I0839],[I0830],1515-03-03,[P0112],,
[F0319],[I0828],[I0833],1509-06-11,[P0669],,
[F0320],[I0840],[I0841],1469,,,
[F0321],[I0828],[I0848],1533-01-25,[P0455],,
[F0322],[I0828],[I0851],1536-05-30,[P0670],,
[F0323],[I0828],[I0853],1540-01-06,[P0339],,
[F0324],[I0854],[I0855],,,,
[F0325],[I0828],[I0856],1540-07-28,[P0260],,
[F0326],[I0857],[I0858],,,,
[F0327],[I0828],[I0859],1543-07-12,[P0278],,
[F0328],[I0860],[I0861],,,,
[F0329],[I0862],[I0859],about 1529,,,
[F0330],[I0863],[I0859],1533,,,
[F0331],[I0864],[I0859],1547-04-04,,,
[F0332],[I0865],[I0866],,,,
[F0333],[I0869],[I0868],1553-05-21,[P0671],,
[F0334],[I0870],[I0846],1554-07-25,[P0672],,
[F0335],[I0871],[I0872],,,,
[F0336],[I0876],[I1370],1224-04-23,,,
[F0337],[I0877],[I0878],,,,
[F0338],[I0874],[I0882],1957,[P0673],,
[F0339],[I0874],[I0885],,,,
[F0340],[I0875],[I0887],,,,
[F0341],[I0875],[I0890],,,,
[F0342],[I0875],[I0893],,,,
[F0343],[I2543],[I2545],1491-12-06,,,
[F0344],[I2426],[I2920],,,,
[F0345],[I0900],[I0899],1976,[P0674],,
[F0346],[I0902],[I0895],1925,,,
[F0347],[I0903],[I0908],,,,
[F0348],[I0910],[I0913],,,,
[F0349],[I0911],[I0914],,,,
[F0350],[I0916],[I0906],,,,
[F0351],[I0533],[I0532],,,,
[F0352],[I0925],[I0926],1984,,,
[F0353],[I0924],[I0928],,,,
[F0354],[I0922],[I0931],,,,
[F0355],[I0921],[I0934],,,,
[F0356],[I0921],[I0936],,,,
[F0357],[I0293],[I0940],1979,,,
[F0358],[I0294],[I0945],1973,,,
[F0359],[I0295],[I0948],1981,,,
[F0360],[I0953],[I0952],1923,,,
[F0361],[I0954],[I0955],1956,,,
[F0362],[I0960],[I0959],1961,[P0675],,
[F0363],[I0966],[I0958],1953,,,
[F0364],[I0438],[I0971],1918-08-31,[P0676],,
[F0365],[I0977],[I0973],1983,,,
[F0366],[I0979],[I0974],1984,,,
[F0367],[I0981],,,,,
[F0368],[I0297],[I0983],1979,,,
[F0369],[I0984],[I0985],1472-07-12,[P0677],,
[F0370],[I0987],[I1339],,,,
[F0371],[I0988],[I0989],,,,
[F0372],[I0990],[I1331],,,,
[F0373],[I0991],[I0998],1464-05-01,[P0369],,
[F0374],[I1008],[I1000],before 1487-12-00,,,
[F0375],[I1009],[I1000],before 1504-01-00,,,
[F0376],[I1003],[I1010],1478-01-15,[P0678],,
[F0377],[I1011],[I1004],1495-02-04,,,
[F0378],[I1012],[I1006],before 1495-10-00,,,
[F0379],[I1013],[I0998],before 1460,,,
[F0380],[I1016],[I0985],1470-08-00,[P0622],,
[F0381],[I0993],[I1340],,,,
[F0382],[I1020],[I0994],,,,
[F0383],[I1021],[I0994],,,,
[F0384],[I1022],[I0996],,,,
[F0385],[I1023],[I1024],,,,
[F0386],[I1026],[I1025],,,,
[F0387],[I1027],[I1028],1850,,,
[F0388],[I0653],[I1029],1825,,,
[F0389],[I1033],[I1032],1963,,,
[F0390],[I1034],[I1036],1960,,,
[F0391],[I1031],[I1037],1946,,,
[F0392],[I1030],[I1038],,,,
[F0393],[I1045],[I1039],,,,
[F0394],[I1040],[I1046],,,,
[F0395],[I1041],[I1049],1988-09-00,,,
[F0396],[I1051],[I1043],,,,
[F0397],[I1052],[I0255],,,,
[F0398],[I1053],[I0257],,,,
[F0399],[I0260],[I1054],,,,
[F0400],[I1055],[I1056],,,,
[F0401],[I0438],[I1058],1947-06-03,[P0679],,
[F0402],[I0608],[I1059],1935-05-24,[P0094],,
[F0403],[I1065],[I1066],,,,
[F0404],[I1067],[I1068],,,,
[F0405],[I0247],[I1069],,,,
[F0406],[I1070],[I1074],,,,
[F0407],[I1070],[I1075],,,,
[F0408],[I1070],[I1078],,,,
[F0409],[I1080],[I1082],,,,
[F0410],[I1083],[I1081],,,,
[F0411],[I1073],[I1084],,,,
[F0412],[I1086],[I1079],,,,
[F0413],[I1090],[I1091],,,,
[F0414],[I1094],[I1092],,,,
[F0415],[I1090],[I1095],,,,
[F0416],[I1099],[I1100],,,,
[F0417],[I1102],[I1103],1894,,,
[F0418],[I1104],[I1105],,,,
[F0419],[I1111],[I1106],,,,
[F0420],[I1107],[I1112],1869-11-15,[P0390],,
[F0421],[I1109],[I1113],,,,
[F0422],[I1114],[I1110],1867,,,
[F0423],[I1118],[I1119],1900-10-02,[P0244],,
[F0424],[I1122],[I1121],1930,,,
[F0425],[I1125],[I1123],1953,,,
[F0426],[I0601],[I1126],1960-12-15,[P0235],,
[F0427],[I1124],[I1127],1959,,,
[F0428],[I1131],[I1129],,,,
[F0429],[I0600],[I1132],1941-09-11,[P0234],,
[F0430],[I1136],[I1134],,,,
[F0431],[I0637],[I1137],1785-09-30,[P0395],,
[F0432],[I1138],[I1142],1810-10-12,[P0400],,
[F0433],[I1143],[I1144],1842-10-12,[P0400],,
[F0434],[I0411],[I1155],,,,
[F0435],[I0761],[I0343],1706-11-28,[P0221],,
[F0436],[I0772],[I1173],1679-08-23,[P0091],,
[F0437],[I0772],[I1176],1708-11-28,[P0221],,
[F0438],[I1150],[I1179],,,,
[F0439],[I0689],[I1186],,,,
[F0440],[I1193],[I1158],,,,
[F0441],[I1197],[I1202],1874,,,
[F0442],[I1203],[I0074],,,,
[F0443],[I1207],[I0661],1966-03-10,[P0680],,
[F0444],[I1211],[I1212],,,,
[F0445],[I1213],[I1214],1868,,,
[F0446],[I1215],[I0198],,,,
[F0447],[I0655],[I1077],1839-06-18,[P0387],,
[F0448],[I1217],[I1218],1445-04-22,[P0681],,
[F0449],[I1219],[I1220],1420-06-02,[P0682],,
[F0450],[I1221],[I1222],1380/1381,[P0683],,
[F0451],[I1229],[I1230],1328-01-24,[P0684],,
[F0452],[I1236],[I1243],1359-05-13,[P0685],,
[F0453],[I1245],[I1244],1846,,,
[F0454],[I1246],[I2874],1829,,,
[F0455],[I1249],[I1247],1565-07-29,[P0551],,
[F0456],[I1248],[I1247],1558-04-24,[P0112],,
[F0457],[I1250],[I1247],about 1567,,,
[F0458],[I0835],[I1429],,,,
[F0459],[I0835],[I1251],1538,,,
[F0460],[I1252],[I1469],1469,,,
[F0461],[I1254],[I1255],,,,
[F0462],[I1260],[I2546],1462,,,
[F0463],[I1259],[I1257],1332-05-00,[P0686],,
[F0464],[I1261],[I1262],1254-10-00,[P0687],,
[F0465],[I1261],[I1277],1299-09-10,[P0688],,
[F0466],[I1281],[I1282],1236-01-04,[P0688],,
[F0467],[I1291],[I1292],,,,
[F0468],[I0565],[I1293],1841-02-17,[P0031],,
[F0469],[I1294],[I1295],1776,,,
[F0470],[I1296],[I1297],,,,
[F0471],[I1300],[I1299],1745,,,
[F0472],[I1301],[I1302],1712,,,
[F0473],[I1419],[I1303],1725,,,
[F0474],[I1301],[I1305],,,,
[F0475],[I1306],[I1307],,,,
[F0476],[I1309],[I1310],about 1641,,,
[F0477],[I1312],[I1313],1626,,,
[F0478],[I1309],[I1314],about 1670,,,
[F0479],[I1311],[I1315],,,,
[F0480],[I1316],[I1317],,,,
[F0481],[I1320],[I1319],,,,
[F0482],[I1322],[I1321],,,,
[F0483],[I1326],[I2662],,,,
[F0484],[I1225],[I1327],1433-04-22,[P0689],,
[F0485],[I1236],[I1328],1396-01-13,[P0481],,
[F0486],[I1329],[I1595],,,,
[F0487],[I1334],[I1336],,,,
[F0488],[I1237],[I1337],about 1372-03-01,[P0451],,
[F0489],[I0531],[I0530],,,,
[F0490],[I1342],,,,,
[F0491],[I1242],[I1343],1374,,,
[F0492],[I1344],[I1345],,,,
[F0493],[I1235],[I1347],1368-05-28,[P0568],,
[F0494],[I1349],[I1348],,,,
[F0495],[I1350],[I1255],,,,
[F0496],[I1351],[I1255],,,,
[F0497],[I1352],[I1220],,,,
[F0498],[I0155],[I1354],1912-07-00,[P0549],,
[F0499],[I0152],[I1356],1902,[P0690],,
[F0500],[I1361],[I0156],1901-07-00,,,
[F0501],[I1363],[I0333],,,,
[F0502],[I1364],[I1365],1189-08-29,[P0691],,
[F0503],[I1364],[I1366],1200-08-24,[P0460],,
[F0504],[I1371],[I1372],1152-05-18,[P0538],,
[F0505],[I1380],[I1381],1053,,,
[F0506],[I1391],[I1392],1100-08-06,[P0174],,
[F0507],[I1391],[I1396],1122-01-29,[P0174],,
[F0508],[I1397],[I1398],1125,[P0692],,
[F0509],[I1404],[I1395],1114-01-07,[P0693],,
[F0510],[I1405],[I1395],1127-05-22,[P0500],,
[F0511],[I0164],[I1406],1926,[P0694],,
[F0512],[I1408],[I1355],1908,,,
[F0513],[I1231],[I1410],1361-10-10,[P0643],,
[F0514],[I1412],[I1413],1382-01-20,[P0314],,
[F0515],[I1412],[I1414],1396-11-01,[P0442],,
[F0516],[I1415],[I1232],1365-07-27,[P0643],,
[F0517],[I1236],[I1416],1371-09-00,[P0695],,
[F0518],[I1417],[I1240],1359-05-19,[P0685],,
[F0519],[I1235],[I1418],1342-09-09,[P0315],,
[F0520],[I0564],[I0496],,,,
[F0521],[I0529],[I0920],1615-11-24,,,
[F0522],[I2132],[I1017],1599,,,
[F0523],[I1341],[I1420],1660-06-09,[P0696],,
[F0524],[I1341],[I1421],1684-06-12,[P0357],,
[F0525],[I1422],[I1423],1725-09-04,,,
[F0526],[I1424],[I1425],1770-05-16,[P0357],,
[F0527],[I1430],[I1427],,,,
[F0528],[I1432],[I1431],,,,
[F0529],[I0836],[I0776],1514-08-04,,,
[F0530],[I1433],[I1434],,,,
[F0531],[I1436],[I1435],,,,
[F0532],[I1438],[I1196],1854,,,
[F0533],[I1442],[I1200],1868,,,
[F0534],[I1237],[I1443],before 1393-11-04,,,
[F0535],[I1023],[I1444],,,,
[F0536],[I1346],[I1445],,,,
[F0537],[I1353],[I1446],,,,
[F0538],[I1447],[I1448],1296,,,
[F0539],[I1447],[I1450],1302,,,
[F0540],[I1451],[I1258],1328-07-17,[P0697],,
[F0541],[I1451],[I1453],,,,
[F0542],[I1454],[I1449],1315,,,
[F0543],[I1455],[I1456],,,,
[F0544],[I1457],[I1461],,,,
[F0545],[I1455],[I1464],,,,
[F0546],[I1463],[I1465],,,,
[F0547],[I1466],[I1467],,,,
[F0548],[I1253],[I1829],,,,
[F0549],[I1474],[I1472],,,,
[F0550],[I1477],[I1475],,,,
[F0551],[I1478],[I1479],,,,
[F0552],[I1480],[I1481],,,,
[F0553],[I1470],[I1483],,,,
[F0554],[I1459],[I1485],,,,
[F0555],[I1487],[I1465],,,,
[F0556],[I1476],[I1491],,,,
[F0557],[I1492],[I1493],1532,,,
[F0558],[I1285],[I1495],before 1276-02-03,[P0112],,
[F0559],[I1497],[I1498],,,,
[F0560],[I1499],[I1500],,,,
[F0561],[I1503],[I1501],,,,
[F0562],[I1278],[I1504],about 1316,,,
[F0563],[I1377],[I1506],1181-07-00,,,
[F0564],[I1279],[I1505],1325-12-00,,,
[F0565],[I1376],[I1508],,,,
[F0566],[I1509],[I1375],1168-02-01,[P0698],,
[F0567],[I1374],[I1510],,,,
[F0568],[I1511],[I1512],,,,
[F0569],[I1517],[I1388],,,,
[F0570],[I1400],[I1524],after 1140-02-00,,,
[F0571],[I1520],[I1378],1170-09-00,[P0510],,
[F0572],[I1525],[I1526],,,,
[F0573],[I1527],[I1528],,,,
[F0574],[I1530],[I1531],,,,
[F0575],[I1533],[I1532],1002,,,
[F0576],[I1534],[I1535],1045-01-23,,,
[F0577],[I1536],[I1537],,,,
[F0578],[I1538],[I1539],before 1065,,,
[F0579],[I1541],[I1540],,,,
[F0580],[I1533],[I1542],about 985,,,
[F0581],[I1543],[I1544],,,,
[F0582],[I1545],[I1546],,,,
[F0583],[I1548],[I1549],,,,
[F0584],[I1548],[I1532],1017-07-02,,,
[F0585],[I1553],[I1526],,,,
[F0586],[I1556],[I1390],1086,[P0516],,
[F0587],[I1402],[I1523],about 1149,,,
[F0588],[I1521],[I1403],about 1160,,,
[F0589],[I1522],[I1516],,,,
[F0590],[I1557],[I1379],1177-02-13,[P0156],,
[F0591],[I1558],[I1379],1196-10-00,[P0423],,
[F0592],[I1559],[I0156],1916,[P0699],,
[F0593],[I0044],[I1569],,,,
[F0594],[I1570],[I1573],,,,
[F0595],[I1575],[I1571],,,,
[F0596],[I1578],[I1572],,,,
[F0597],[I1581],[I1572],,,,
[F0598],[I0873],[I1370],1239-01-07,[P0474],,
[F0599],[I1367],[I0596],1231-03-13,[P0700],,
[F0600],[I1367],[I1582],1243-11-23,[P0174],,
[F0601],[I1367],[I1583],1269-06-16,[P0701],,
[F0602],[I1584],[I1369],20 JUL,[P0702],,
[F0603],[I1585],[I1283],1251-12-26,[P0703],,
[F0604],[I1586],[I1284],1260-01-22,[P0545],,
[F0605],[I1285],[I1587],1269-04-09,[P0174],,
[F0606],[I1588],[I1268],1290-04-30,[P0174],,
[F0607],[I1589],[I1268],1297-01-00,,,
[F0608],[I1590],[I1270],1290-07-08,[P0174],,
[F0609],[I1591],[I1274],1297-01-18,[P0704],,
[F0610],[I1592],[I1274],1302-11-14,[P0474],,
[F0611],[I1278],[I1593],about 1328,,,
[F0612],[I1594],[I1239],1361,[P0431],,
[F0613],[I1224],[I1595],1412,,,
[F0614],[I1225],[I1596],1423-04-17,[P0682],,
[F0615],[I1226],[I1597],1422,,,
[F0616],[I1226],[I1598],before 1431,,,
[F0617],[I1599],[I1227],1402-07-06,[P0705],,
[F0618],[I1600],[I1228],1406-10-26,[P0706],,
[F0619],[I1594],[I1601],1386-09-11,[P0707],,
[F0620],[I1221],[I1601],1403-02-07,[P0557],,
[F0621],[I1602],[I1603],,,,
[F0622],[I1604],[I0330],1740-06-28,[P0148],,
[F0623],[I1162],[I1605],1733,,,
[F0624],[I1606],,,,,
[F0625],[I1608],[I1396],1138,,,
[F0626],[I1609],[I0610],1967-06-10,[P0150],,
[F0627],[I1613],[I1614],1823-06-19,[P0094],,
[F0628],[I1615],[I1616],1798-08-17,[P0708],,
[F0629],[I1617],[I1618],1790-07-31,[P0145],,
[F0630],[I0344],[I1619],1752-07-08,[P0709],,
[F0631],[I1620],[I1621],1721-08-07,,,
[F0632],[I1622],[I1623],1695-12-05,,,
[F0633],[I1622],[I1624],1721-04-04,,,
[F0634],[I1625],[I1626],1667-06-25,[P0150],,
[F0635],[I1627],[I1628],1597-11-27,,,
[F0636],[I1627],[I1629],1615-12-31,,,
[F0637],[I1630],[I1631],1643-10-01,[P0710],,
[F0638],[I1632],[I1633],1525-10-29,[P0711],,
[F0639],[I1634],[I1635],1502-04-10,,,
[F0640],[I1634],[I1636],1518-10-09,[P0583],,
[F0641],[I1641],[I1640],,,,
[F0642],[I1643],[I1644],1774,,,
[F0643],[I1645],[I1647],1806-06-21,[P0584],,
[F0644],[I1645],[I1648],1815-05-22,[P0712],,
[F0645],[I1649],[I1650],1828-11-01,[P0242],,
[F0646],[I1649],[I1651],1841-06-10,[P0586],,
[F0647],[I1649],[I1652],1850-08-07,[P0576],,
[F0648],[I1654],[I1653],,,,
[F0649],[I1646],[I1656],,,,
[F0650],[I1661],[I1650],,,,
[F0651],[I1668],[I1667],1922,,,
[F0652],[I1664],[I1669],1909,,,
[F0653],[I1673],[I1672],1968,,,
[F0654],[I1671],[I1670],1933,,,
[F0655],[I1676],[I1677],1971,,,
[F0656],[I1685],[I1684],1871,,,
[F0657],[I1686],[I1204],1964,,,
[F0658],[I1687],[I1205],1967,,,
[F0659],[I1688],[I1206],1975,,,
[F0660],[I1693],[I1692],1842,,,
[F0661],[I1694],,,,,
[F0662],[I1148],[I1695],1836-11-22,[P0587],,
[F0663],[I1696],[I0245],1832-08-09,[P0713],,
[F0664],[I0417],[I2512],770,,,
[F0665],[I1706],[I1707],1956,,,
[F0666],[I0282],[I1708],,,,
[F0667],[I1709],[I0284],,,,
[F0668],[I1710],[I0285],,,,
[F0669],[I1711],[I0289],,,,
[F0670],[I1714],[I1715],,,,
[F0671],[I1716],,,,,
[F0672],[I1717],[I1718],,,,
[F0673],[I1719],,,,,
[F0674],[I1720],,,,,
[F0675],[I1722],,,,,
[F0676],,[I1723],,,,
[F0677],,[I1721],,,,
[F0678],,[I1724],,,,
[F0679],,[I1725],,,,
[F0680],[I1726],[I1727],,,,
[F0681],[I1728],,,,,
[F0682],[I1729],,,,,
[F0683],[I0398],[I1730],,,,
[F0684],[I1731],[I1732],,,,
[F0685],[I1735],,,,,
[F0686],[I1662],[I1699],1857,,,
[F0687],[I1663],[I1738],,,,
[F0688],[I1739],[I2485],1274,,,
[F0689],[I1740],[I2482],1234,,,
[F0690],[I1741],[I1742],1200,,,
[F0691],[I1891],,,,,
[F0692],[I1744],[I1745],,,,
[F0693],[I1746],,,,,
[F0694],[I2452],[I1892],1104,,,
[F0695],[I1748],,,,,
[F0696],[I1749],[I1750],,,,
[F0697],[I1452],,,,,
[F0698],[I1752],,,,,
[F0699],[I1763],,,,,
[F0700],[I1764],[I1765],,,,
[F0701],[I1769],[I1759],,,,
[F0702],[I1770],[I1760],,,,
[F0703],[I1771],,,,,
[F0704],[I1772],[I1761],,,,
[F0705],[I1773],[I1762],,,,
[F0706],[I1774],,,,,
[F0707],[I1775],,,,,
[F0708],[I1776],[I1777],,,,
[F0709],[I1778],,,,,
[F0710],[I1779],[I1780],,,,
[F0711],[I1779],[I1781],,,,
[F0712],[I1783],,,,,
[F0713],[I1785],,,,,
[F0714],[I1786],[I1787],,,,
[F0715],[I1788],[I1789],,,,
[F0716],[I1786],[I1790],,,,
[F0717],[I1791],,,,,
[F0718],[I1792],[I1793],,,,
[F0719],[I1797],[I1796],,,,
[F0720],[I1792],[I1798],,,,
[F0721],[I1801],[I1800],,,,
[F0722],[I1792],[I1802],,,,
[F0723],[I1811],[I1806],,,,
[F0724],[I1812],[I1808],,,,
[F0725],[I1813],[I1809],,,,
[F0726],[I1814],[I1810],,,,
[F0727],[I1815],,,,,
[F0728],[I1816],[I2440],1514-05-18,,,
[F0729],[I2524],[I1817],,,,
[F0730],[I1818],,,,,
[F0731],[I1819],,,,,
[F0732],[I1820],,,,,
[F0733],[I1822],[I1821],,,,
[F0734],[I1823],[I1821],,,,
[F0735],[I1824],[I1821],,,,
[F0736],[I1329],,,,,
[F0737],[I1825],,,,,
[F0738],[I1826],,,,,
[F0739],[I1827],[I1828],1449,,,
[F0740],[I1830],[I1831],,,,
[F0741],[I1832],[I1833],,,,
[F0742],[I1834],,,,,
[F0743],[I1835],[I1836],,,,
[F0744],[I1837],[I1838],,,,
[F0745],[I1839],,,,,
[F0746],[I1840],[I1453],,,,
[F0747],[I1841],,,,,
[F0748],[I1843],,,,,
[F0749],[I1845],[I1844],,,,
[F0750],[I1846],[I1847],,,,
[F0751],[I1848],,,,,
[F0752],[I1850],,,,,
[F0753],[I1382],[I1851],,,,
[F0754],[I1852],,,,,
[F0755],[I1853],[I1854],,,,
[F0756],[I1859],,,,,
[F0757],[I1853],[I1856],,,,
[F0758],[I1857],,,,,
[F0759],[I1394],[I1858],,,,
[F0760],[I1855],,,,,
[F0761],[I1861],[I1862],,,,
[F0762],[I1863],,,,,
[F0763],[I1518],[I1864],,,,
[F0764],[I1865],,,,,
[F0765],[I1868],,,,,
[F0766],[I1869],[I1372],1137,,,
[F0767],[I1870],,,,,
[F0768],[I1871],,,,,
[F0769],[I1872],,,,,
[F0770],[I1874],,,,,
[F0771],[I1875],[I1506],,,,
[F0772],[I1876],[I1506],,,,
[F0773],[I1877],,,,,
[F0774],[I1878],[I1365],,,,
[F0775],[I1879],[I1365],,,,
[F0776],[I1880],[I1366],,,,
[F0777],[I1881],,,,,
[F0778],[I1883],,,,,
[F0779],[I1884],,,,,
[F0780],[I1885],,,,,
[F0781],[I1886],[I1368],,,,
[F0782],[I1887],[I1889],,,,
[F0783],[I1890],,,,,
[F0784],[I1891],[I1747],1197,,,
[F0785],[I1893],,,,,
[F0786],[I1894],[I1895],,,,
[F0787],[I1585],[I1896],,,,
[F0788],[I1897],,,,,
[F0789],[I1898],,,,,
[F0790],[I1899],,,,,
[F0791],[I1900],[I1593],,,,
[F0792],[I1901],,,,,
[F0793],[I1902],[I1505],,,,
[F0794],[I1903],[I2486],1284,,,
[F0795],[I1904],,,,,
[F0796],[I1905],,,,,
[F0797],[I1906],,,,,
[F0798],[I1907],,,,,
[F0799],[I1908],[I1909],,,,
[F0800],[I1910],[I1911],,,,
[F0801],[I1912],[I1911],,,,
[F0802],[I1913],[I1956],,,,
[F0803],[I1914],,,,,
[F0804],[I1915],[I1916],,,,
[F0805],[I1918],,,,,
[F0806],[I1843],[I1842],,,,
[F0807],[I1919],[I2216],,,,
[F0808],[I1912],,,,,
[F0809],[I1920],[I1921],,,,
[F0810],[I1922],[I1923],,,,
[F0811],[I1924],[I1925],,,,
[F0812],[I1926],[I1927],,,,
[F0813],[I1928],[I1539],,,,
[F0814],[I1930],[I1931],,,,
[F0815],[I1932],[I1931],,,,
[F0816],[I1934],,,,,
[F0817],[I1935],,,,,
[F0818],[I1936],,,,,
[F0819],[I1937],,,,,
[F0820],[I1938],,,,,
[F0821],[I1940],[I1941],,,,
[F0822],[I1939],,,,,
[F0823],[I1945],,,,,
[F0824],[I1943],,,,,
[F0825],[I1944],,,,,
[F0826],[I1948],,,,,
[F0827],[I1950],,,,,
[F0828],[I1949],,,,,
[F0829],[I1951],,,,,
[F0830],[I1953],,,,,
[F0831],[I1952],[I1954],,,,
[F0832],[I1961],,,,,
[F0833],[I1957],,,,,
[F0834],[I1964],[I1965],,,,
[F0835],[I1966],[I1967],,,,
[F0836],[I1969],[I1970],,,,
[F0837],[I1973],[I1974],,,,
[F0838],[I1966],[I1970],,,,
[F0839],[I1976],,,,,
[F0840],[I1972],,,,,
[F0841],[I1980],[I1977],,,,
[F0842],[I1981],,,,,
[F0843],[I1982],,,,,
[F0844],[I1988],[I1987],,,,
[F0845],[I1989],[I1985],,,,
[F0846],[I1929],[I1768],,,,
[F0847],[I1991],,,,,
[F0848],[I1992],,,,,
[F0849],[I1995],,,,,
[F0850],[I1996],,,,,
[F0851],[I1997],,,,,
[F0852],[I1998],,,,,
[F0853],[I1999],,,,,
[F0854],[I2000],,,,,
[F0855],[I2001],,,,,
[F0856],[I2002],,,,,
[F0857],[I2003],,,,,
[F0858],[I2004],,,,,
[F0859],[I2005],,,,,
[F0860],[I2006],,,,,
[F0861],[I2007],,,,,
[F0862],[I2008],,,,,
[F0863],[I2009],,,,,
[F0864],[I2010],,,,,
[F0865],[I2011],,,,,
[F0866],[I2012],,,,,
[F0867],[I2013],,,,,
[F0868],[I2014],,,,,
[F0869],[I2015],,,,,
[F0870],[I2016],,,,,
[F0871],[I2017],,,,,
[F0872],[I2018],,,,,
[F0873],,[I2019],,,,
[F0874],[I1994],,,,,
[F0875],[I2022],,,,,
[F0876],[I2026],,,,,
[F0877],[I2027],,,,,
[F0878],[I2028],,,,,
[F0879],[I2023],,,,,
[F0880],[I2024],,,,,
[F0881],[I2029],,,,,
[F0882],[I2030],[I2034],,,,
[F0883],[I2030],[I2035],,,,
[F0884],[I2036],[I2032],,,,
[F0885],[I1993],,,,,
[F0886],[I2037],,,,,
[F0887],[I2038],,,,,
[F0888],[I2041],,,,,
[F0889],[I2045],,,,,
[F0890],[I2039],,,,,
[F0891],[I2047],,,,,
[F0892],[I2048],,,,,
[F0893],[I2046],[I2049],,,,
[F0894],[I2053],[I2052],,,,
[F0895],[I2054],,,,,
[F0896],[I2055],,,,,
[F0897],[I2056],,,,,
[F0898],[I2050],,,,,
[F0899],[I2040],,,,,
[F0900],[I2057],,,,,
[F0901],[I2058],[I1410],,,,
[F0902],[I2059],,,,,
[F0903],[I2060],,,,,
[F0904],[I2061],[I1347],,,,
[F0905],[I2062],,,,,
[F0906],[I2063],,,,,
[F0907],[I2064],[I1328],,,,
[F0908],[I2062],,,,,
[F0909],[I2066],[I2065],,,,
[F0910],[I2067],,,,,
[F0911],[I2068],,,,,
[F0912],[I2069],,,,,
[F0913],[I2070],[I1603],,,,
[F0914],[I1332],,,,,
[F0915],[I2075],[I2074],1385-07-17,,,
[F0916],[I2076],[I1331],,,,
[F0917],[I1437],[I2077],,,,
[F0918],[I2078],,,,,
[F0919],[I2080],[I2079],,,,
[F0920],[I1335],[I2081],,,,
[F0921],[I2082],,,,,
[F0922],[I2091],[I2086],,,,
[F0923],[I2092],[I2086],,,,
[F0924],[I2093],[I2087],,,,
[F0925],[I2094],[I2087],,,,
[F0926],[I2095],[I2088],,,,
[F0927],[I2096],[I2089],,,,
[F0928],[I2097],[I2089],,,,
[F0929],[I2098],[I2090],,,,
[F0930],[I2101],,,,,
[F0931],[I2099],[I2337],,,,
[F0932],[I1436],[I2102],,,,
[F0933],[I2103],,,,,
[F0934],[I2104],[I1428],,,,
[F0935],[I2105],[I1427],,,,
[F0936],[I2108],[I2106],,,,
[F0937],[I2110],[I2111],,,,
[F0938],[I2109],[I2112],,,,
[F0939],[I2113],,,,,
[F0940],[I0765],[I0769],,,,
[F0941],[I2120],,,,,
[F0942],[I0768],[I2121],,,,
[F0943],[I2122],[I2118],,,,
[F0944],[I2127],,,,,
[F0945],[I2129],[I2128],,,,
[F0946],[I2130],[I0951],,,,
[F0947],[I2131],[I2416],1649,,,
[F0948],[I2131],[I0896],1621,,,
[F0949],[I0870],[I2133],1543,,,
[F0950],[I0870],[I2134],,,,
[F0951],[I0870],[I2135],1570,,,
[F0952],[I2137],,,,,
[F0953],[I2138],,,,,
[F0954],[I2139],,,,,
[F0955],[I2140],[I2141],,,,
[F0956],[I2142],[I2143],,,,
[F0957],[I2144],,,,,
[F0958],[I2145],[I0762],,,,
[F0959],[I2147],[I2148],,,,
[F0960],[I2149],[I0099],,,,
[F0961],[I2150],[I0098],,,,
[F0962],[I2151],,,,,
[F0963],[I0504],[I2156],,,,
[F0964],[I0504],[I2157],,,,
[F0965],[I2160],,,,,
[F0966],[I2161],,,,,
[F0967],[I2162],[I0509],1941,,,
[F0968],[I2163],[I0509],1957,,,
[F0969],[I2164],[I0509],1965,,,
[F0970],[I2166],[I1959],,,,
[F0971],[I2168],[I2167],,,,
[F0972],[I2169],,,,,
[F0973],[I2170],,,,,
[F0974],[I2171],,,,,
[F0975],[I2173],[I2172],,,,
[F0976],[I2174],,,,,
[F0977],[I2175],,,,,
[F0978],[I2176],,,,,
[F0979],[I2177],,,,,
[F0980],[I2178],[I2179],,,,
[F0981],[I2180],,,,,
[F0982],[I2181],,,,,
[F0983],[I2182],,,,,
[F0984],[I2183],,,,,
[F0985],[I2184],,,,,
[F0986],[I2185],,,,,
[F0987],[I2186],,,,,
[F0988],[I2187],[I2188],,,,
[F0989],[I2189],[I2190],,,,
[F0990],[I2191],,,,,
[F0991],[I2192],,,,,
[F0992],[I2193],,,,,
[F0993],[I2194],,,,,
[F0994],[I2195],,,,,
[F0995],[I2196],,,,,
[F0996],[I2197],,,,,
[F0997],[I2198],,,,,
[F0998],[I2199],,,,,
[F0999],[I2200],,,,,
[F1000],[I2201],,,,,
[F1001],[I2202],,,,,
[F1002],[I2203],,,,,
[F1003],[I2204],,,,,
[F1004],[I2205],,,,,
[F1005],[I2206],[I2207],,,,
[F1006],[I2208],,,,,
[F1007],[I2209],,,,,
[F1008],[I2210],,,,,
[F1009],[I2211],,,,,
[F1010],[I2212],,,,,
[F1011],[I2214],[I2213],,,,
[F1012],[I2217],[I2218],,,,
[F1013],[I2219],[I2220],,,,
[F1014],[I2221],,,,,
[F1015],[I2222],,,,,
[F1016],[I2223],,,,,
[F1017],[I2215],,,,,
[F1018],[I1514],[I2224],,,,
[F1019],[I2301],[I2302],,,,
[F1020],[I1511],[I2225],,,,
[F1021],[I2226],,,,,
[F1022],[I1515],[I2227],,,,
[F1023],[I2228],[I2229],,,,
[F1024],[I2231],[I2232],,,,
[F1025],[I1886],[I2233],after 1238,,,
[F1026],[I2235],[I2234],,,,
[F1027],[I2237],[I2238],,,,
[F1028],[I2239],[I2240],,,,
[F1029],[I2242],[I2243],,,,
[F1030],[I2244],[I2245],,,,
[F1031],[I2247],[I2245],,,,
[F1032],[I2248],,,,,
[F1033],[I2249],,,,,
[F1034],[I2250],,,,,
[F1035],[I2251],,,,,
[F1036],[I2252],,,,,
[F1037],[I2253],,,,,
[F1038],[I2255],,,,,
[F1039],[I2254],,,,,
[F1040],[I2257],,,,,
[F1041],[I2258],,,,,
[F1042],[I2259],,,,,
[F1043],[I2260],,,,,
[F1044],[I2261],,,,,
[F1045],[I2263],[I2262],,,,
[F1046],[I2265],,,,,
[F1047],[I2267],,,,,
[F1048],[I2268],,,,,
[F1049],[I2269],,,,,
[F1050],[I2270],,,,,
[F1051],[I2271],[I1327],,,,
[F1052],[I2272],,,,,
[F1053],[I2273],[I1025],,,,
[F1054],[I2274],[I2549],,,,
[F1055],[I2275],[I1019],,,,
[F1056],[I2276],[I0995],,,,
[F1057],[I2277],,,,,
[F1058],[I2278],[I1345],,,,
[F1059],[I2279],,,,,
[F1060],[I2282],[I2281],,,,
[F1061],[I2286],[I2284],,,,
[F1062],[I2287],[I2284],,,,
[F1063],[I2288],[I2285],,,,
[F1064],[I2289],[I2285],,,,
[F1065],[I2290],[I2285],,,,
[F1066],[I2291],,,,,
[F1067],[I2292],[I1502],,,,
[F1068],[I2293],[I1502],,,,
[F1069],[I2295],[I2294],,,,
[F1070],[I2297],[I2296],,,,
[F1071],[I2298],[I2296],,,,
[F1072],[I1338],[I2296],,,,
[F1073],[I2299],,,,,
[F1074],[I2300],[I1444],,,,
[F1075],[I2303],[I2304],,,,
[F1076],[I2305],[I2306],,,,
[F1077],[I2307],[I2308],,,,
[F1078],[I2310],[I2311],,,,
[F1079],[I2312],[I2319],,,,
[F1080],[I2320],[I2319],,,,
[F1081],[I2313],[I2321],,,,
[F1082],[I2313],[I2322],,,,
[F1083],[I2313],[I2323],,,,
[F1084],[I2314],[I2325],,,,
[F1085],[I2326],[I2325],,,,
[F1086],[I2327],[I2316],,,,
[F1087],[I2328],[I2317],,,,
[F1088],[I2329],[I2318],,,,
[F1089],[I2315],[I2330],,,,
[F1090],[I2315],[I2331],,,,
[F1091],[I2332],[I2106],,,,
[F1092],[I2333],[I2107],,,,
[F1093],[I2335],[I2334],,,,
[F1094],[I2104],[I2336],,,,
[F1095],[I2340],[I2339],,,,
[F1096],[I2341],[I2342],,,,
[F1097],[I2343],[I2344],,,,
[F1098],[I2343],[I2345],,,,
[F1099],[I0857],[I2346],,,,
[F1100],[I2341],[I2347],,,,
[F1101],[I2348],[I2351],,,,
[F1102],[I2348],[I2352],,,,
[F1103],[I2353],[I2349],,,,
[F1104],[I2354],[I2350],,,,
[F1105],[I2355],[I2358],,,,
[F1106],[I2364],[I2356],,,,
[F1107],[I2357],[I2365],,,,
[F1108],[I2359],[I2366],,,,
[F1109],[I2367],[I2368],,,,
[F1110],[I2369],[I2370],,,,
[F1111],[I2359],[I2371],,,,
[F1112],[I2372],[I2373],,,,
[F1113],[I2372],[I2374],,,,
[F1114],[I2375],[I2380],,,,
[F1115],[I2376],[I2381],,,,
[F1116],[I2377],[I2382],,,,
[F1117],[I2383],[I2382],,,,
[F1118],[I2384],[I2378],,,,
[F1119],[I2385],[I2379],,,,
[F1120],[I2386],[I2379],,,,
[F1121],[I2387],[I2388],,,,
[F1122],[I2108],[I2389],,,,
[F1123],[I2108],[I2390],,,,
[F1124],[I2391],[I2390],,,,
[F1125],[I2392],[I2393],,,,
[F1126],[I2392],[I2395],,,,
[F1127],[I2396],[I2399],,,,
[F1128],[I2400],[I2399],,,,
[F1129],[I2397],[I2401],,,,
[F1130],[I2397],[I2402],,,,
[F1131],[I2394],[I2404],,,,
[F1132],[I2405],[I2403],,,,
[F1133],[I2406],[I2410],,,,
[F1134],[I2411],[I2331],,,,
[F1135],[I2412],[I2331],,,,
[F1136],[I2413],[I2408],,,,
[F1137],[I2414],[I2409],,,,
[F1138],[I2418],[I2417],,,,
[F1139],[I2419],,,,,
[F1140],[I2420],[I2421],,,,
[F1141],[I2420],[I2422],,,,
[F1142],[I2424],[I2425],1714,,,
[F1143],[I2423],[I2882],1680,,,
[F1144],[I2428],[I2427],,,,
[F1145],[I2433],[I2432],1736,,,
[F1146],[I2431],,,,,
[F1147],[I2448],[I2614],1777,,,
[F1148],[I2438],[I2439],1533-10-28,,,
[F1149],[I2435],[I2436],,,,
[F1150],[I2437],,,,,
[F1151],[I0838],[I2547],1476-09-08,,,
[F1152],[I2442],[I2443],,,,
[F1153],[I2444],[I2445],,,,
[F1154],[I1698],[I2449],1853,,,
[F1155],[I2450],,,,,
[F1156],[I2451],[I2477],1180,,,
[F1157],[I2464],[I2487],1315-08-00,,,
[F1158],[I2452],[I2453],1115,,,
[F1159],[I2454],[I2455],1072,,,
[F1160],[I2454],[I2456],1095,,,
[F1161],[I2457],[I2535],1051,,,
[F1162],[I2458],[I2459],1003,,,
[F1163],[I2458],[I2461],,,,
[F1164],[I2458],[I2462],996,,,
[F1165],[I2463],,,,,
[F1166],[I2467],,,,,
[F1167],[I2468],,,,,
[F1168],[I1869],[I2475],1154,,,
[F1169],[I1869],[I2476],1160,,,
[F1170],[I2451],[I2478],1193,,,
[F1171],[I2451],[I2479],1196,,,
[F1172],[I2483],,,,,
[F1173],[I2488],,,,,
[F1174],[I2489],,,,,
[F1175],[I2465],[I2490],1307,,,
[F1176],[I1743],[I2491],1307,,,
[F1177],[I1743],[I2492],1322-09-21,,,
[F1178],[I1743],[I2493],1325-07-00,,,
[F1179],[I2495],,,,,
[F1180],[I2494],[I2496],1313-07-00,,,
[F1181],[I2494],[I2497],1349,,,
[F1182],[I2499],[I2500],1350-04-08,,,
[F1183],[I2504],,,,,
[F1184],[I0740],[I2505],1572-08-18,,,
[F1185],[I0894],[I0587],,,,
[F1186],[I0897],[I2508],,,,
[F1187],[I2511],[I1705],,,,
[F1188],[I2513],[I2514],,,,
[F1189],[I2515],,,,,
[F1190],[I2516],,,,,
[F1191],[I2517],[I2919],,,,
[F1192],[I2498],[I2519],1332-07-28,,,
[F1193],[I2521],[I2520],,,,
[F1194],[I2525],,,,,
[F1195],[I2530],[I2531],,,,
[F1196],[I2457],[I2536],,,,
[F1197],[I2537],[I2538],1422-12-18,,,
[F1198],,[I2539],,,,
[F1199],[I2540],[I2541],1436-06-24,,,
[F1200],[I2540],[I2542],1457-02-14,,,
[F1201],[I0838],[I2548],1499-01-08,,,
[F1202],[I0417],[I2550],771,,,
[F1203],[I0417],[I2555],784,,,
[F1204],[I0417],[I2556],794,,,
[F1205],[I2552],[I2557],,,,
[F1206],[I2553],[I2558],798,,,
[F1207],[I2553],[I2559],,,,
[F1208],[I2560],[I2566],,,,
[F1209],[I2561],,,,,
[F1210],[I2563],[I2571],,,,
[F1211],[I2564],[I2575],842,,,
[F1212],[I2576],[I2580],862,,,
[F1213],[I2576],[I2583],,,,
[F1214],[I2584],[I2585],917,,,
[F1215],[I2567],[I2586],,,,
[F1216],[I2588],[I2587],,,,
[F1217],[I2568],[I2590],,,,
[F1218],[I2568],[I2591],,,,
[F1219],[I2572],[I2592],,,,
[F1220],[I2593],[I2594],,,,
[F1221],[I2598],[I2597],,,,
[F1222],[I2599],[I2600],,,,
[F1223],[I2604],[I2603],,,,
[F1224],[I2605],,,,,
[F1225],[I2609],[I2610],,,,
[F1226],[I2611],[I2612],,,,
[F1227],[I2613],,,,,
[F1228],[I2895],[I2896],1754,,,
[F1229],[I2522],[I2615],1570-11-26,,,
[F1230],[I2523],[I2617],1575-02-15,,,
[F1231],[I1739],[I2618],1262,,,
[F1232],[I2464],[I2619],1305,,,
[F1233],[I2498],[I2620],1350-02-19,,,
[F1234],[I0493],[I2621],1868,,,
[F1235],[I2622],,,,,
[F1236],[I2623],,,,,
[F1237],[I2624],[I0499],1864,,,
[F1238],[I0498],[I2625],1884,,,
[F1239],[I2626],,,,,
[F1240],[I0497],[I2627],1878,,,
[F1241],[I0497],[I2628],1892,,,
[F1242],[I2632],,,,,
[F1243],[I0683],[I2633],1878,,,
[F1244],[I2636],[I2634],1901,,,
[F1245],[I2636],[I2637],1907,,,
[F1246],[I2638],[I0592],1967,,,
[F1247],[I2639],[I0593],1972,,,
[F1248],[I0430],[I2640],1933,,,
[F1249],[I0430],[I2641],1937,,,
[F1250],[I2644],[I2642],1940,,,
[F1251],[I2645],[I0433],1935,,,
[F1252],[I0591],[I2646],1935,,,
[F1253],[I0591],[I2647],1949,,,
[F1254],[I2648],[I2635],1906,,,
[F1255],[I2649],[I2650],,,,
[F1256],[I2651],[I2652],,,,
[F1257],[I0415],[I2653],1790,,,
[F1258],[I1690],[I2656],1853,,,
[F1259],[I1690],[I2657],1878,,,
[F1260],[I2658],[I2659],,,,
[F1261],[I2660],[I2661],,,,
[F1262],[I2663],[I2664],,,,
[F1263],[I2665],[I2667],1856,,,
[F1264],[I2666],[I2668],1857,,,
[F1265],[I2674],[I2673],1900,,,
[F1266],[I2670],[I2676],1891,,,
[F1267],[I0165],[I2678],1882,,,
[F1268],[I2671],[I2679],1884,,,
[F1269],[I2680],,,,,
[F1270],[I2682],,,,,
[F1271],[I2683],,,,,
[F1272],[I2684],[I2687],1911,,,
[F1273],[I2688],,,,,
[F1274],[I2689],[I2690],1753,,,
[F1275],[I2691],[I2692],,,,
[F1276],[I0466],[I2839],1907,,,
[F1277],[I2694],,,,,
[F1278],[I2695],[I2696],1879,,,
[F1279],[I2698],[I2697],1896,,,
[F1280],[I2702],[I2703],1948,,,
[F1281],[I1675],[I2704],1968,,,
[F1282],[I2705],,,,,
[F1283],[I2706],[I2709],1969,,,
[F1284],[I2707],[I2710],1973,,,
[F1285],[I2713],[I2526],1964-06-30,,,
[F1286],[I2717],[I2527],1961-05-25,,,
[F1287],[I2721],[I2528],1964-06-05,,,
[F1288],[I2725],[I2529],1974-06-15,,,
[F1289],[I0447],[I2730],1961-07-30,,,
[F1290],[I0448],[I2731],1976-12-07,,,
[F1291],[I0447],[I2732],1934,,,
[F1292],[I0447],[I2733],1943,,,
[F1293],[I0449],[I2734],1946-02-19,,,
[F1294],[I0449],[I2735],1988-09-29,,,
[F1295],[I1409],[I2736],1932-03-11,[P0028],,
[F1296],[I1409],[I2737],1972-04-29,,,
[F1297],[I2738],[I2739],1978-06-08,,,
[F1298],[I2740],[I2741],1976,,,
[F1299],[I2744],[I2742],1975,,,
[F1300],[I2749],[I2745],1955,,,
[F1301],[I2755],[I2746],1956,,,
[F1302],[I2747],[I2759],1965,,,
[F1303],[I2747],[I2760],1967,,,
[F1304],[I2747],[I2762],1972,,,
[F1305],[I2747],[I2764],1975,,,
[F1306],[I2766],[I2748],1967,,,
[F1307],[I2770],[I2772],1888,,,
[F1308],[I2778],,,,,
[F1309],[I2774],[I2779],1915,,,
[F1310],[I2783],[I2780],1936,,,
[F1311],[I2789],[I2784],1958,,,
[F1312],[I2791],[I2785],1961,,,
[F1313],[I2794],[I2786],1970,,,
[F1314],[I2797],[I2787],1976,,,
[F1315],[I2781],[I2798],1944,,,
[F1316],[I2800],[I2799],1970,,,
[F1317],[I2781],[I2803],1950,,,
[F1318],[I2805],[I2804],1977,,,
[F1319],[I2808],[I2782],1948,,,
[F1320],[I2774],[I2812],1937,,,
[F1321],[I2813],[I2814],1969,,,
[F1322],[I2817],[I2775],1918,,,
[F1323],[I2818],[I2776],1929,,,
[F1324],[I2777],[I2819],1928,,,
[F1325],[I2821],[I2824],1955,,,
[F1326],[I2830],[I2829],1919,,,
[F1327],[I2738],[I2831],1937,,,
[F1328],[I2833],[I2832],1962,,,
[F1329],[I2738],[I2838],1954,,,
[F1330],[I2840],,,,,
[F1331],[I2693],[I2841],1939,,,
[F1332],[I2843],[I2842],1938,,,
[F1333],[I2844],[I2842],1949,,,
[F1334],[I0465],[I2845],1920,,,
[F1335],[I0465],[I2846],1929,,,
[F1336],[I2847],[I2673],1922,,,
[F1337],[I2848],[I2849],1965,,,
[F1338],[I2851],[I2850],1749,,,
[F1339],[I2852],[I1638],1766,,,
[F1340],[I2853],[I1639],1763,,,
[F1341],[I2859],[I2858],1680,,,
[F1342],[I2863],[I1828],1445,,,
[F1343],[I1468],[I2864],1478,,,
[F1344],[I1470],[I2865],1480,,,
[F1345],[I1246],[I2875],1802,,,
[F1346],[I1246],[I2876],1816,,,
[F1347],[I1246],[I2877],1819,,,
[F1348],[I2878],[I2879],1765,,,
[F1349],[I2880],[I2881],1738,,,
[F1350],[I2424],[I2883],1701,,,
[F1351],[I2884],,,,,
[F1352],[I2885],[I2100],1496,,,
[F1353],[I0840],[I2886],1506,,,
[F1354],[I2890],[I2887],1490,,,
[F1355],,[I2887],1497,,,
[F1356],[I2889],[I2892],1497,,,
[F1357],[I2893],[I2892],1501,,,
[F1358],[I2891],[I2894],1519,,,
[F1359],[I1816],[I2894],1530-07-08,,,
[F1360],[I2897],[I2898],1749,,,
[F1361],[I2899],,,,,
[F1362],[I2900],[I1116],1896,,,
[F1363],[I2904],[I2903],1910,,,
[F1364],[I2905],[I2902],1881,,,
[F1365],[I2906],[I2902],1900,,,
[F1366],[I2907],[I2901],1875,,,
[F1367],[I2448],[I2908],1776,,,
[F1368],[I0139],[I0206],1832,,,
[F1369],[I1737],[I2909],1842,,,
[F1370],[I0205],[I2910],1816,,,
[F1371],[I2911],[I2912],1777,,,
[F1372],[I0590],[I2914],,,,
[F1373],[I0751],[I2916],,,,
[F1374],[I2918],[I2917],,,,
[F1375],[I2507],[I2921],,,,
[F1376],[I2922],,,,,
[F1377],[I2923],,,,,
[F1378],[I2924],,,,,
[F1379],[I0159],[I2925],1919,,,
[F1380],[I2926],,,,,
[F1381],[I0588],[I0235],1934,,,
[F1382],[I2927],,,,,
[F1383],[I2928],,,,,
[F1384],[I0169],[I2929],,,,
[F1385],[I2933],,,,,
[F1386],[I2934],[I2935],,,,
[F1387],[I2936],[I2937],,,,
[F1388],[I2938],[I2939],,,,
[F1389],[I2940],[I2941],,,,
[F1390],[I2942],,,,,
[F1391],[I2943],,,,,
[F1392],[I2944],[I2945],,,,
[F1393],[I2946],,,,,
[F1394],[I2948],,,,,
[F1395],[I2949],,,,,
[F1396],[I2950],,,,,
[F1397],[I2951],,,,,
[F1398],[I2952],,,,,
[F1399],[I2953],,,,,
[F1400],[I2954],[I2955],,,,
[F1401],[I2956],,,,,
[F1402],[I2960],[I0110],1990-02-00,,,
[F1403],[I0242],[I2962],about 1990,,,
[F1404],[I2965],[I2964],,,,
[F1405],[I2968],,,,,
[F1406],[I0112],[I2969],1988-01-00,,,
[F1407],[I2970],[I2969],,,,
[F1408],[I2971],[I2972],,,,
[F1409],[I2976],[I0138],about 1802,,,
[F1410],[I0054],[I2977],1978-12-17,,,
[F1411],[I0109],[I2979],after 1989,,,
[F1412],[I2980],[I0314],,,,
[F1413],[I2982],[I2983],,,,
[F1414],[I2985],[I0243],about 1947,,,
[F1415],[I2986],[I0806],1936-12-28,[P0714],,
[F1416],[I2987],[I2988],,,,
[F1417],[I2994],,,,,
[F1418],[I2995],[I2996],1900-07-00,,,
[F1419],[I3002],[I2999],,,,
[F1420],,[I3000],,,,
[F1421],[I3001],,,,,
[F1422],[I3007],[I3008],,,,
