Place,Title,Name,Type,Latitude,Longitude,Code,Enclosed_by,Date
[P0000],"Kensington,Palace,London,England","Kensington,Palace,London,England",Unknown,,,,,
[P0001],"Osborne House,Isle of Wight,England","Osborne House,Isle of Wight,England",Unknown,,,,,
[P0002],"Royal Mausoleum,Frogmore,Berkshire,England","Royal Mausoleum,Frogmore,Berkshire,England",Unknown,,,,,
[P0003],"Schloss Rosenau,Near Coburg,Germany","Schloss Rosenau,Near Coburg,Germany",Unknown,,,,,
[P0004],"Windsor Castle,Berkshire,England","Windsor Castle,Berkshire,England",Unknown,,,,,
[P0005],"Royal Masoleum,Frogmore,Windsor,England","Royal Masoleum,Frogmore,Windsor,England",Unknown,,,,,
[P0006],"Buckingham,Palace,London,England","Buckingham,Palace,London,England",Unknown,,,,,
[P0007],"Throne Room,Buckingham Palac,England","Throne Room,Buckingham Palac,England",Unknown,,,,,
[P0008],"Friedrichshof,Near,Kronberg,Taunus","Friedrichshof,Near,Kronberg,Taunus",Unknown,,,,,
[P0009],"Friedenskirche,Potsdam","Friedenskirche,Potsdam",Unknown,,,,,
[P0010],"Windsor,Berkshire,England","Windsor,Berkshire,England",Unknown,,,,,
[P0011],"Darmstadt,,,Germany","Darmstadt,,,Germany",Unknown,,,,,
[P0012],"Schloss Rosenau,Near Coburg","Schloss Rosenau,Near Coburg",Unknown,,,,,
[P0013],"Schomberg House,Pall Mall,London,England","Schomberg House,Pall Mall,London,England",Unknown,,,,,
[P0014],"Frogmore,,,England","Frogmore,,,England",Unknown,,,,,
[P0015],"Bagshot Park,Surrey","Bagshot Park,Surrey",Unknown,,,,,
[P0016],Cannes,Cannes,Unknown,,,,,
[P0017],"Bantridge Park,Balcombe,Sussex,England","Bantridge Park,Balcombe,Sussex,England",Unknown,,,,,
[P0018],"Yellow Palace,Copenhagen,Denmark","Yellow Palace,Copenhagen,Denmark",Unknown,,,,,
[P0019],"Sandringham,,Norfolk,England","Sandringham,,Norfolk,England",Unknown,,,,,
[P0020],"St. George Chap.,Windsor,Berkshire,England","St. George Chap.,Windsor,Berkshire,England",Unknown,,,,,
[P0021],"Frogmore House,Windsor,Berkshire,England","Frogmore House,Windsor,Berkshire,England",Unknown,,,,,
[P0022],"Marlborough Hse,London,England","Marlborough Hse,London,England",Unknown,,,,,
[P0023],"Sandringham,Norfolk,England","Sandringham,Norfolk,England",Unknown,,,,,
[P0024],"Windsor Castle,St. George Chap.,Berkshire,England","Windsor Castle,St. George Chap.,Berkshire,England",Unknown,,,,,
[P0025],"Marlborough,House,London,England","Marlborough,House,London,England",Unknown,,,,,
[P0026],"Portman Square,London,England","Portman Square,London,England",Unknown,,,,,
[P0027],"Coppins,Iver,Bucks,England","Coppins,Iver,Bucks,England",Unknown,,,,,
[P0028],"London,England","London,England",Unknown,,,,,
[P0029],"Neues Palais,Potsdam,Germany","Neues Palais,Potsdam,Germany",Unknown,,,,,
[P0030],"Friedenskirche,Potsdam,Germany","Friedenskirche,Potsdam,Germany",Unknown,,,,,
[P0031],"Berlin,Germany","Berlin,Germany",Unknown,,,,,
[P0032],"Haus Doorn,Netherlands","Haus Doorn,Netherlands",Unknown,,,,,
[P0033],Arolsen,Arolsen,Unknown,,,,,
[P0034],Tyrol,Tyrol,Unknown,,,,,
[P0035],"Whippingham Ch.,Isle of Wight,England","Whippingham Ch.,Isle of Wight,England",Unknown,,,,,
[P0036],Lausanne,Lausanne,Unknown,,,,,
[P0037],"St. George's,Chapel,Windsor Castle,England","St. George's,Chapel,Windsor Castle,England",Unknown,,,,,
[P0038],"White Lodge,Richmond Park,Surrey,England","White Lodge,Richmond Park,Surrey,England",Unknown,,,,,
[P0039],"Paris,,,France","Paris,,,France",Unknown,,,,,
[P0040],"Frogmore,Windsor,Berkshire,England","Frogmore,Windsor,Berkshire,England",Unknown,,,,,
[P0041],"York Cottage,Sandringham,Norfolk,England","York Cottage,Sandringham,Norfolk,England",Unknown,,,,,
[P0042],"St. George Chap.,,Windsor,England","St. George Chap.,,Windsor,England",Unknown,,,,,
[P0043],"Harewood House,Yorkshire,,England","Harewood House,Yorkshire,,England",Unknown,,,,,
[P0044],"Morven,,,Scotland","Morven,,,Scotland",Unknown,,,,,
[P0045],"Wood Farm,Wolferton,Norfolk,England","Wood Farm,Wolferton,Norfolk,England",Unknown,,,,,
[P0046],"Sandringham,Norfolk,,England","Sandringham,Norfolk,,England",Unknown,,,,,
[P0047],"Tsarskoye Selo,Pushkin,,Russia","Tsarskoye Selo,Pushkin,,Russia",Unknown,,,,,
[P0048],"Ekaterinburg,,,Russia","Ekaterinburg,,,Russia",Unknown,,,,,
[P0049],"Livadia,Crimea,Near Yalta,Russia","Livadia,Crimea,Near Yalta,Russia",Unknown,,,,,
[P0050],"Cathedral of the,Fortress of P&P,St. Petersburg,Russia","Cathedral of the,Fortress of P&P,St. Petersburg,Russia",Unknown,,,,,
[P0051],"Copenhagen,,,Denmark","Copenhagen,,,Denmark",Unknown,,,,,
[P0052],"Alexander Palace,Tsarskoe Selo,,Russia","Alexander Palace,Tsarskoe Selo,,Russia",Unknown,,,,,
[P0053],"Peterhof,Near,St. Petersburg,Russia","Peterhof,Near,St. Petersburg,Russia",Unknown,,,,,
[P0054],",,London,England",",,London,England",Unknown,,,,,
[P0055],"17 Bruton St.,London,W1,England","17 Bruton St.,London,W1,England",Unknown,,,,,
[P0056],"Glamis Castle,,Angus,Scotland","Glamis Castle,,Angus,Scotland",Unknown,,,,,
[P0057],"Isle of Kerkira,Mon Repos,Corfu,Greece","Isle of Kerkira,Mon Repos,Corfu,Greece",Unknown,,,,,
[P0058],"Buckingham,Palace,Music Room,England","Buckingham,Palace,Music Room,England",Unknown,,,,,
[P0059],"Clarence House,St. James,,England","Clarence House,St. James,,England",Unknown,,,,,
[P0061],"Belgian Suite,Buckingham,Palace,England","Belgian Suite,Buckingham,Palace,England",Unknown,,,,,
[P0060],",,,England",",,,England",Unknown,,,,,
[P0062],"St. Mary's Hosp.,Paddington,London,England","St. Mary's Hosp.,Paddington,London,England",Unknown,,,,,
[P0063],"Music Room,Buckingham,Palace,England","Music Room,Buckingham,Palace,England",Unknown,,,,,
[P0064],"St. Marys Hosp.,Paddington,London,England","St. Marys Hosp.,Paddington,London,England",Unknown,,,,,
[P0066],"Sandringham,Church,Norfolk,England","Sandringham,Church,Norfolk,England",Unknown,,,,,
[P0065],"Park House,Sandringham,Norfolk,England","Park House,Sandringham,Norfolk,England",Unknown,,,,,
[P0068],"Kensington,Palace,,England","Kensington,Palace,,England",Unknown,,,,,
[P0067],"Athens,Greece","Athens,Greece",Unknown,,,,,
[P0069],"3 Belgrave Sq.,,England","3 Belgrave Sq.,,England",Unknown,,,,,
[P0070],",,,U.S.A.",",,,U.S.A.",Unknown,,,,,
[P0071],"Charlottenlund,Denmark","Charlottenlund,Denmark",Unknown,,,,,
[P0072],"Potsdam,Germany","Potsdam,Germany",Unknown,,,,,
[P0073],"Frankfurt,Germany","Frankfurt,Germany",Unknown,,,,,
[P0074],"Tatoi,Near Athens,Greece","Tatoi,Near Athens,Greece",Unknown,,,,,
[P0075],"Alapayevsk,Ural Mts.,,Russia","Alapayevsk,Ural Mts.,,Russia",Unknown,,,,,
[P0076],"Hesse-Darmstadt,Palace,,Germany","Hesse-Darmstadt,Palace,,Germany",Unknown,,,,,
[P0077],"Hadley Common,Hertfordshire,England","Hadley Common,Hertfordshire,England",Unknown,,,,,
[P0078],"Private Chapel,Windsor Castle,Berkshire,England","Private Chapel,Windsor Castle,Berkshire,England",Unknown,,,,,
[P0079],"Near,Wolverhampton,England","Near,Wolverhampton,England",Unknown,,,,,
[P0080],Barnwell Church,Barnwell Church,Unknown,,,,,
[P0081],"St. Petersburg,,,Russia","St. Petersburg,,,Russia",Unknown,,,,,
[P0082],"Zurich,,,Switzerland","Zurich,,,Switzerland",Unknown,,,,,
[P0083],"Eastwell Park,Kent,England","Eastwell Park,Kent,England",Unknown,,,,,
[P0084],"Castle Pelesch,Sinaia,Romania","Castle Pelesch,Sinaia,Romania",Unknown,,,,,
[P0085],Malta,Malta,Unknown,,,,,
[P0086],"Donegal Bay,County Sligo,Ireland","Donegal Bay,County Sligo,Ireland",Unknown,,,,,
[P0087],"Coppins,,England","Coppins,,England",Unknown,,,,,
[P0088],"Thatched House,Lodge,,England","Thatched House,Lodge,,England",Unknown,,,,,
[P0089],"Thatched House,Lodge,Richmond Park,England","Thatched House,Lodge,Richmond Park,England",Unknown,,,,,
[P0090],"Kings College,Hospital,Denmark Hill","Kings College,Hospital,Denmark Hill",Unknown,,,,,
[P0092],"Clarence House,London,,England","Clarence House,London,,England",Unknown,,,,,
[P0091],Potsdam,Potsdam,Unknown,,,,,
[P0093],Bagshot Park,Bagshot Park,Unknown,,,,,
[P0094],"Stockholm,Sweden","Stockholm,Sweden",Unknown,,,,,
[P0095],Helsingborg,Helsingborg,Unknown,,,,,
[P0096],"Royal Cemetery,Haga Castle Park","Royal Cemetery,Haga Castle Park",Unknown,,,,,
[P0097],"Mar Lodge,Braemar,Aberdeenshire,England","Mar Lodge,Braemar,Aberdeenshire,England",Unknown,,,,,
[P0098],Paris,Paris,Unknown,,,,,
[P0099],"Castle Rising,Norfolk,England","Castle Rising,Norfolk,England",Unknown,,,,,
[P0100],"Grey Friars,Church,London,England","Grey Friars,Church,London,England",Unknown,,,,,
[P0103],"St. George Chap.,Windsor Castle,Berkshire,England","St. George Chap.,Windsor Castle,Berkshire,England",Unknown,,,,,
[P0102],"Windsor Castle,Windsor,Berkshire,England","Windsor Castle,Windsor,Berkshire,England",Unknown,,,,,
[P0101],"Norfolk-House,St. James Square,London,England","Norfolk-House,St. James Square,London,England",Unknown,,,,,
[P0104],Mirow,Mirow,Unknown,,,,,
[P0105],Kew Palace,Kew Palace,Unknown,,,,,
[P0106],"St. George Chap.,Windsor,,England","St. George Chap.,Windsor,,England",Unknown,,,,,
[P0108],"Sidmouth,Devon,,England","Sidmouth,Devon,,England",Unknown,,,,,
[P0107],"Buckingham House,,London,England","Buckingham House,,London,England",Unknown,,,,,
[P0109],Coburg,Coburg,Unknown,,,,,
[P0110],"Frogmore House,Windsor,,England","Frogmore House,Windsor,,England",Unknown,,,,,
[P0111],Thuringia,Thuringia,Unknown,,,,,
[P0112],"Paris,France","Paris,France",Unknown,,,,,
[P0113],Carlton House,Carlton House,Unknown,,,,,
[P0114],"Claremont House,Esher,Surrey,England","Claremont House,Esher,Surrey,England",Unknown,,,,,
[P0115],"St George Chapel,Windsor,England","St George Chapel,Windsor,England",Unknown,,,,,
[P0116],"Fortress of,Peter and Paul,,Russia","Fortress of,Peter and Paul,,Russia",Unknown,,,,,
[P0118],"Peter and Paul,Cathedral,,Russia","Peter and Paul,Cathedral,,Russia",Unknown,,,,,
[P0117],"Abbas Tuman,Caucasus,Russia","Abbas Tuman,Caucasus,Russia",Unknown,,,,,
[P0119],"Perm,,,Russia","Perm,,,Russia",Unknown,,,,,
[P0120],"East Toronto,Ontario,,Canada","East Toronto,Ontario,,Canada",Unknown,,,,,
[P0121],"York Cemetery,Toronto,Ontario,Canada","York Cemetery,Toronto,Ontario,Canada",Unknown,,,,,
[P0122],Switzerland,Switzerland,Unknown,,,,,
[P0123],"27 Welbech St.,Marylebone,London,England","27 Welbech St.,Marylebone,London,England",Unknown,,,,,
[P0124],Birkhall,Birkhall,Unknown,,,,,
[P0125],"St. James Palace,London,England","St. James Palace,London,England",Unknown,,,,,
[P0127],"Buckingham House,London,England","Buckingham House,London,England",Unknown,,,,,
[P0126],"Rutland House,Arlington St.,London,England","Rutland House,Arlington St.,London,England",Unknown,,,,,
[P0128],"Buckingham House,St. James Park,London,England","Buckingham House,St. James Park,London,England",Unknown,,,,,
[P0129],Ludwigsburg,Ludwigsburg,Unknown,,,,,
[P0131],"Clarence House,St. James","Clarence House,St. James",Unknown,,,,,
[P0130],Buckingham House,Buckingham House,Unknown,,,,,
[P0132],"Frankfurt,-am-Main","Frankfurt,-am-Main",Unknown,,,,,
[P0133],Herrenhausen,Herrenhausen,Unknown,,,,,
[P0134],Kensington Palac,Kensington Palac,Unknown,,,,,
[P0135],"Gloucester House,Piccadilly,London,England","Gloucester House,Piccadilly,London,England",Unknown,,,,,
[P0136],"Vicarage Place,Kensington","Vicarage Place,Kensington",Unknown,,,,,
[P0137],"Royal Lodge,Windsor,Berkshire,England","Royal Lodge,Windsor,Berkshire,England",Unknown,,,,,
[P0138],"Augusta Lodge,Windsor,Berkshire,England","Augusta Lodge,Windsor,Berkshire,England",Unknown,,,,,
[P0140],"Near Stanmore,Middlesex,England","Near Stanmore,Middlesex,England",Unknown,,,,,
[P0139],Meiningen,Meiningen,Unknown,,,,,
[P0141],"St. George Chap.,Windsor,England","St. George Chap.,Windsor,England",Unknown,,,,,
[P0142],"Furstenhof,Hanover","Furstenhof,Hanover",Unknown,,,,,
[P0143],St. James Palac,St. James Palac,Unknown,,,,,
[P0144],Bushy Park,Bushy Park,Unknown,,,,,
[P0145],Gottorp,Gottorp,Unknown,,,,,
[P0146],Amalienborg,Amalienborg,Unknown,,,,,
[P0147],"Roskilde,Denmark","Roskilde,Denmark",Unknown,,,,,
[P0148],Cassel,Cassel,Unknown,,,,,
[P0149],Bernstorff,Bernstorff,Unknown,,,,,
[P0150],"Copenhagen,Denmark","Copenhagen,Denmark",Unknown,,,,,
[P0151],Salonika,Salonika,Unknown,,,,,
[P0152],Tatoi,Tatoi,Unknown,,,,,
[P0153],"Lausanne,Switzerland","Lausanne,Switzerland",Unknown,,,,,
[P0154],"Schloss,Heiligenberg","Schloss,Heiligenberg",Unknown,,,,,
[P0155],England,England,Unknown,,,,,
[P0158],"Laeken,Belgium","Laeken,Belgium",Unknown,,,,,
[P0156],"Palermo,Italy","Palermo,Italy",Unknown,,,,,
[P0157],Ostende,Ostende,Unknown,,,,,
[P0160],Hanover,Hanover,Unknown,,,,,
[P0159],"Hanover,Germany","Hanover,Germany",Unknown,,,,,
[P0161],Hildburghausen,Hildburghausen,Unknown,,,,,
[P0162],"Gmunden,Austria","Gmunden,Austria",Unknown,,,,,
[P0163],Gmunden,Gmunden,Unknown,,,,,
[P0164],"Caernarvon,Castle,Wales","Caernarvon,Castle,Wales",Unknown,,,,,
[P0165],"Berkeley Castle,Gloucestershire","Berkeley Castle,Gloucestershire",Unknown,,,,,
[P0166],"Gloucester,Cathedral","Gloucester,Cathedral",Unknown,,,,,
[P0167],"Sigmaringen,Germany","Sigmaringen,Germany",Unknown,,,,,
[P0168],"Sinaia,Romania","Sinaia,Romania",Unknown,,,,,
[P0169],"Barnwell Church,,England","Barnwell Church,,England",Unknown,,,,,
[P0170],"St. Marys Hosp.,Paddington,England","St. Marys Hosp.,Paddington,England",Unknown,,,,,
[P0171],Czechoslovakia,Czechoslovakia,Unknown,,,,,
[P0172],"Chapel Royal,St. James Palace,England","Chapel Royal,St. James Palace,England",Unknown,,,,,
[P0174],"Westminster,Abbey,London,England","Westminster,Abbey,London,England",Unknown,,,,,
[P0173],"Herrenhausen,Palace,Hannover,Germany","Herrenhausen,Palace,Hannover,Germany",Unknown,,,,,
[P0175],"Leicester-House,,London,England","Leicester-House,,London,England",Unknown,,,,,
[P0176],The Hague,The Hague,Unknown,,,,,
[P0177],"Cavendish Square,,London,England","Cavendish Square,,London,England",Unknown,,,,,
[P0178],"St. James Palace,,,England","St. James Palace,,,England",Unknown,,,,,
[P0180],"London,,,England","London,,,England",Unknown,,,,,
[P0179],Leicester House,Leicester House,Unknown,,,,,
[P0181],Hanau,Hanau,Unknown,,,,,
[P0182],"Leicester House,London,England","Leicester House,London,England",Unknown,,,,,
[P0183],"Christiansborg,Denmark","Christiansborg,Denmark",Unknown,,,,,
[P0184],Gotha,Gotha,Unknown,,,,,
[P0185],Norfolk House,Norfolk House,Unknown,,,,,
[P0186],Monaco,Monaco,Unknown,,,,,
[P0187],Gloucester House,Gloucester House,Unknown,,,,,
[P0188],Celle,Celle,Unknown,,,,,
[P0189],"Leineschloss,Osnabruck,Hanover,Germany","Leineschloss,Osnabruck,Hanover,Germany",Unknown,,,,,
[P0190],Osnabruck,Osnabruck,Unknown,,,,,
[P0191],"Moved in 1957 to,Herrenhausen","Moved in 1957 to,Herrenhausen",Unknown,,,,,
[P0192],"Monbijou Palace,,Berlin,Germany","Monbijou Palace,,Berlin,Germany",Unknown,,,,,
[P0193],Christiansborg,Christiansborg,Unknown,,,,,
[P0194],Dolzig,Dolzig,Unknown,,,,,
[P0195],"Whippingham Ch.,Isle of Wight,,England","Whippingham Ch.,Isle of Wight,,England",Unknown,,,,,
[P0196],",,Portugal",",,Portugal",Unknown,,,,,
[P0197],"Aachen,West Germany","Aachen,West Germany",Unknown,,,,,
[P0198],Greiz,Greiz,Unknown,,,,,
[P0199],"Frankfurt an der,Oder","Frankfurt an der,Oder",Unknown,,,,,
[P0200],"San Ildefonso,,Spain","San Ildefonso,,Spain",Unknown,,,,,
[P0201],"Madrid,,Spain","Madrid,,Spain",Unknown,,,,,
[P0202],Pelesch,Pelesch,Unknown,,,,,
[P0203],"Cannes,France","Cannes,France",Unknown,,,,,
[P0204],"Villa Mar y Sol,Estoril,Portugal","Villa Mar y Sol,Estoril,Portugal",Unknown,,,,,
[P0205],"Appleton House,Sandringham,Norfolk,England","Appleton House,Sandringham,Norfolk,England",Unknown,,,,,
[P0206],Norway,Norway,Unknown,,,,,
[P0207],"Skaugum,Near Oslo,Norway","Skaugum,Near Oslo,Norway",Unknown,,,,,
[P0208],"Drottningholm,Near Stockholm,Sweden","Drottningholm,Near Stockholm,Sweden",Unknown,,,,,
[P0209],Karlsruhe,Karlsruhe,Unknown,,,,,
[P0210],"Rome,Italy","Rome,Italy",Unknown,,,,,
[P0211],Biebrich,Biebrich,Unknown,,,,,
[P0212],"Pelesch,Sinaia,Romania","Pelesch,Sinaia,Romania",Unknown,,,,,
[P0213],"Blankenburg,Harz,Germany","Blankenburg,Harz,Germany",Unknown,,,,,
[P0214],"Madrid,Spain","Madrid,Spain",Unknown,,,,,
[P0215],Psychiko,Psychiko,Unknown,,,,,
[P0216],"Venice,Italy","Venice,Italy",Unknown,,,,,
[P0217],Belgrade,Belgrade,Unknown,,,,,
[P0219],"Germain-en-Laye,France","Germain-en-Laye,France",Unknown,,,,,
[P0218],"Fontainebleau,France","Fontainebleau,France",Unknown,,,,,
[P0220],"St. Denis,France","St. Denis,France",Unknown,,,,,
[P0221],Berlin,Berlin,Unknown,,,,,
[P0222],"Marmorpalais,Potsdam","Marmorpalais,Potsdam",Unknown,,,,,
[P0223],Wolfenbuttel,Wolfenbuttel,Unknown,,,,,
[P0224],Stettin,Stettin,Unknown,,,,,
[P0225],Charlottenburg,Charlottenburg,Unknown,,,,,
[P0226],"Oatlands Park,Weybridge,Surrey,England","Oatlands Park,Weybridge,Surrey,England",Unknown,,,,,
[P0227],Prenzlau,Prenzlau,Unknown,,,,,
[P0228],"Oraniensaal,The Hague","Oraniensaal,The Hague",Unknown,,,,,
[P0229],"Near Borga,Finland,Finland","Near Borga,Finland,Finland",Unknown,,,,,
[P0230],Tiflis,Tiflis,Unknown,,,,,
[P0231],Pembroke Castle,Pembroke Castle,Unknown,,,,,
[P0232],Berkhamsted,Berkhamsted,Unknown,,,,,
[P0233],"Kussnacht,Switzerland","Kussnacht,Switzerland",Unknown,,,,,
[P0234],Laeken,Laeken,Unknown,,,,,
[P0236],"Near Brussels,Belgium","Near Brussels,Belgium",Unknown,,,,,
[P0235],"Brussels,Belgium","Brussels,Belgium",Unknown,,,,,
[P0237],"Chateau de,Stuyvenberg","Chateau de,Stuyvenberg",Unknown,,,,,
[P0238],Haga Castle,Haga Castle,Unknown,,,,,
[P0239],"Hamburg,Germany","Hamburg,Germany",Unknown,,,,,
[P0240],"Charlottenlund,Nr: Copenhagen,Denmark","Charlottenlund,Nr: Copenhagen,Denmark",Unknown,,,,,
[P0241],Schwerin,Schwerin,Unknown,,,,,
[P0242],Copenhagen,Copenhagen,Unknown,,,,,
[P0243],"Sorgenfri,Nr: Copenhagen,Denmark","Sorgenfri,Nr: Copenhagen,Denmark",Unknown,,,,,
[P0244],"Munich,Germany","Munich,Germany",Unknown,,,,,
[P0245],"Theatinerkirche,Munich,Germany","Theatinerkirche,Munich,Germany",Unknown,,,,,
[P0246],"Mannheim,Germany","Mannheim,Germany",Unknown,,,,,
[P0247],"Schloss,Nymphenburg,Germany","Schloss,Nymphenburg,Germany",Unknown,,,,,
[P0248],Theatinerkirche,Theatinerkirche,Unknown,,,,,
[P0249],"The Hague,Netherlands","The Hague,Netherlands",Unknown,,,,,
[P0250],Tilburg,Tilburg,Unknown,,,,,
[P0251],"St. Petersburg,Russia","St. Petersburg,Russia",Unknown,,,,,
[P0252],Het Loo,Het Loo,Unknown,,,,,
[P0253],Jena,Jena,Unknown,,,,,
[P0254],"Soetdijk,Palace,Netherlands","Soetdijk,Palace,Netherlands",Unknown,,,,,
[P0257],"Dom Church,Munich,Germany","Dom Church,Munich,Germany",Unknown,,,,,
[P0255],Brunn,Brunn,Unknown,,,,,
[P0256],"Schloss,Wildenwart","Schloss,Wildenwart",Unknown,,,,,
[P0258],"Sarvar,Hungary","Sarvar,Hungary",Unknown,,,,,
[P0259],"Whitehall,,England","Whitehall,,England",Unknown,,,,,
[P0260],"Hampton Court,Palace,England","Hampton Court,Palace,England",Unknown,,,,,
[P0261],"Syon House,Brentford,Middlesex,England","Syon House,Brentford,Middlesex,England",Unknown,,,,,
[P0262],"Berkeley House,,England","Berkeley House,,England",Unknown,,,,,
[P0263],"St. Germain-,en-Laye,France","St. Germain-,en-Laye,France",Unknown,,,,,
[P0264],"Cranbourne Lodge,Near,Windsor,England","Cranbourne Lodge,Near,Windsor,England",Unknown,,,,,
[P0266],Whitehall,Whitehall,Unknown,,,,,
[P0265],"Worcester House,London,England","Worcester House,London,England",Unknown,,,,,
[P0267],"Richmond Palace,,England","Richmond Palace,,England",Unknown,,,,,
[P0268],"Richmond Palace,London,England","Richmond Palace,London,England",Unknown,,,,,
[P0269],"St. James Palace,,England","St. James Palace,,England",Unknown,,,,,
[P0270],"Convent of,Chaillot,France","Convent of,Chaillot,France",Unknown,,,,,
[P0271],"Rome,,Italy","Rome,,Italy",Unknown,,,,,
[P0272],"Frascati,,Italy","Frascati,,Italy",Unknown,,,,,
[P0274],"Florence,,Italy","Florence,,Italy",Unknown,,,,,
[P0273],Mons,Mons,Unknown,,,,,
[P0275],"Edinburgh Castle,,Scotland","Edinburgh Castle,,Scotland",Unknown,,,,,
[P0276],"Theobalds Park,Hertfordshire,Herts,England","Theobalds Park,Hertfordshire,Herts,England",Unknown,,,,,
[P0278],"Hampton Court,Palace","Hampton Court,Palace",Unknown,,,,,
[P0277],"Skanderborg,Castle","Skanderborg,Castle",Unknown,,,,,
[P0279],Stirling Castle,Stirling Castle,Unknown,,,,,
[P0280],Dunfermline,Dunfermline,Unknown,,,,,
[P0281],Dalkeith Palace,Dalkeith Palace,Unknown,,,,,
[P0282],Linlithgow,Linlithgow,Unknown,,,,,
[P0284],"Whitehall Palace,,England","Whitehall Palace,,England",Unknown,,,,,
[P0283],"Dunfermline,Scotland","Dunfermline,Scotland",Unknown,,,,,
[P0285],"St. George's,Chapel,Windsor,England","St. George's,Chapel,Windsor,England",Unknown,,,,,
[P0286],Stirling,Stirling,Unknown,,,,,
[P0288],"Stanwell Park,Middlesex,England","Stanwell Park,Middlesex,England",Unknown,,,,,
[P0287],Greenwich Palace,Greenwich Palace,Unknown,,,,,
[P0291],"Roskilde,Cathedral,Denmark","Roskilde,Cathedral,Denmark",Unknown,,,,,
[P0289],Haderslevhus,Haderslevhus,Unknown,,,,,
[P0290],"Antvorslev,Castle","Antvorslev,Castle",Unknown,,,,,
[P0292],Wismar,Wismar,Unknown,,,,,
[P0296],St. Denis,St. Denis,Unknown,,,,,
[P0293],Nykobing,Nykobing,Unknown,,,,,
[P0294],"Hotel du Louvre,Paris,France","Hotel du Louvre,Paris,France",Unknown,,,,,
[P0295],"Colombe,Near Paris,France","Colombe,Near Paris,France",Unknown,,,,,
[P0297],"Pau,Navarre,France","Pau,Navarre,France",Unknown,,,,,
[P0298],"Carisbrooke,Castle,Isle of Wight,England","Carisbrooke,Castle,Isle of Wight,England",Unknown,,,,,
[P0299],"Oatlands,Surrey,England","Oatlands,Surrey,England",Unknown,,,,,
[P0300],Whitehall Palace,Whitehall Palace,Unknown,,,,,
[P0301],"Bedford House,Exeter,England","Bedford House,Exeter,England",Unknown,,,,,
[P0302],St. Cloud,St. Cloud,Unknown,,,,,
[P0305],Belem,Belem,Unknown,,,,,
[P0303],"Vila Vicosa,Lisbon,Portugal","Vila Vicosa,Lisbon,Portugal",Unknown,,,,,
[P0304],"Bemposta,Palace,Lisbon,Portugal","Bemposta,Palace,Lisbon,Portugal",Unknown,,,,,
[P0306],"Kensington,Palace,England","Kensington,Palace,England",Unknown,,,,,
[P0307],Rendsborg,Rendsborg,Unknown,,,,,
[P0308],"Schloss Iburg,Near,Osnabruck","Schloss Iburg,Near,Osnabruck",Unknown,,,,,
[P0309],"Berlin,Cathedral,Germany","Berlin,Cathedral,Germany",Unknown,,,,,
[P0310],"Konigsberg,Prussia","Konigsberg,Prussia",Unknown,,,,,
[P0311],"Pembroke Castle,Pembrokeshire,England","Pembroke Castle,Pembrokeshire,England",Unknown,,,,,
[P0312],"Richmond Palace,Richmond Surrey,England","Richmond Palace,Richmond Surrey,England",Unknown,,,,,
[P0313],"Henry VII Chapel,Westminster,Abbey,England","Henry VII Chapel,Westminster,Abbey,England",Unknown,,,,,
[P0314],"Westminster,Palace,London,England","Westminster,Palace,London,England",Unknown,,,,,
[P0315],"Tower of London,London,England","Tower of London,London,England",Unknown,,,,,
[P0316],"Henry VII Chapel,Westminster,Abbey,London","Henry VII Chapel,Westminster,Abbey,London",Unknown,,,,,
[P0318],Ludlow Castle,Ludlow Castle,Unknown,,,,,
[P0317],"St. Swithin's,Priory,Winchester,England","St. Swithin's,Priory,Winchester,England",Unknown,,,,,
[P0319],Methven Castle,Methven Castle,Unknown,,,,,
[P0320],",,England",",,England",Unknown,,,,,
[P0322],"Buenos Aires,,Argentina","Buenos Aires,,Argentina",Unknown,,,,,
[P0321],"Buenos Aires,Argentina","Buenos Aires,Argentina",Unknown,,,,,
[P0323],"Portland Hosp.,,England","Portland Hosp.,,England",Unknown,,,,,
[P0324],"Greenwich Palace,,England","Greenwich Palace,,England",Unknown,,,,,
[P0325],"Whitehall,London,England","Whitehall,London,England",Unknown,,,,,
[P0326],"Eltham Palace,,England","Eltham Palace,,England",Unknown,,,,,
[P0327],"Westhorpe,Suffolk,England","Westhorpe,Suffolk,England",Unknown,,,,,
[P0328],"Greenwich,Palace,England","Greenwich,Palace,England",Unknown,,,,,
[P0329],"Bishops Hatfield,Herts,England","Bishops Hatfield,Herts,England",Unknown,,,,,
[P0330],"Tower of London,,England","Tower of London,,England",Unknown,,,,,
[P0332],"Kimbolton Castle,Hunts,England","Kimbolton Castle,Hunts,England",Unknown,,,,,
[P0331],"Near Madrid,,Spain","Near Madrid,,Spain",Unknown,,,,,
[P0333],"Peterborough,Cathedral,England","Peterborough,Cathedral,England",Unknown,,,,,
[P0334],"Linlithgow,,Scotland","Linlithgow,,Scotland",Unknown,,,,,
[P0335],"Blois,France","Blois,France",Unknown,,,,,
[P0336],"Greenwich Palace,London,England","Greenwich Palace,London,England",Unknown,,,,,
[P0337],"Blickling Hall,Norfolk,England","Blickling Hall,Norfolk,England",Unknown,,,,,
[P0338],"Chapel Royal,Tower of London,London,England","Chapel Royal,Tower of London,London,England",Unknown,,,,,
[P0339],"Greenwich,,England","Greenwich,,England",Unknown,,,,,
[P0340],"Wolf Hall,Savernake,Wilts","Wolf Hall,Savernake,Wilts",Unknown,,,,,
[P0342],"Chelsea,,England","Chelsea,,England",Unknown,,,,,
[P0341],Dusseldorf,Dusseldorf,Unknown,,,,,
[P0343],Lambeth,Lambeth,Unknown,,,,,
[P0344],"Chapel Royal,London,England","Chapel Royal,London,England",Unknown,,,,,
[P0345],Kendal Castle,Kendal Castle,Unknown,,,,,
[P0347],"Sudeley Castle,Chapel","Sudeley Castle,Chapel",Unknown,,,,,
[P0346],"Sudeley Castle,Gloucestershire","Sudeley Castle,Gloucestershire",Unknown,,,,,
[P0348],"Bradgate,Leicestershire","Bradgate,Leicestershire",Unknown,,,,,
[P0350],"Tower of London,Chapel Royal,London,England","Tower of London,Chapel Royal,London,England",Unknown,,,,,
[P0349],"Tower of London,Tower Green,London,England","Tower of London,Tower Green,London,England",Unknown,,,,,
[P0352],"El Escorial,Palace,Madrid,Spain","El Escorial,Palace,Madrid,Spain",Unknown,,,,,
[P0351],Valladolid,Valladolid,Unknown,,,,,
[P0353],Evesham,Evesham,Unknown,,,,,
[P0354],",,Yugoslavia",",,Yugoslavia",Unknown,,,,,
[P0355],U.S.A.,U.S.A.,Unknown,,,,,
[P0356],"Washington D.C.,U.S.A.","Washington D.C.,U.S.A.",Unknown,,,,,
[P0357],"Versailles,France","Versailles,France",Unknown,,,,,
[P0358],"Madrid,Spain,Spain","Madrid,Spain,Spain",Unknown,,,,,
[P0359],",,Spain",",,Spain",Unknown,,,,,
[P0360],"Oslo,Norway","Oslo,Norway",Unknown,,,,,
[P0361],",,Brazil",",,Brazil",Unknown,,,,,
[P0362],"Roman,Romania","Roman,Romania",Unknown,,,,,
[P0364],Bosworth,Bosworth,Unknown,,,,,
[P0363],"Fotheringay,Castle","Fotheringay,Castle",Unknown,,,,,
[P0365],"Grey Friars,Abbey,Leicester","Grey Friars,Abbey,Leicester",Unknown,,,,,
[P0366],"Warwick Castle,Warwick,England","Warwick Castle,Warwick,England",Unknown,,,,,
[P0367],"Middleham Castle,Yorkshire,England","Middleham Castle,Yorkshire,England",Unknown,,,,,
[P0368],"Rouen,France","Rouen,France",Unknown,,,,,
[P0369],"Grafton Regis,Northants","Grafton Regis,Northants",Unknown,,,,,
[P0370],Bermondsey Abbey,Bermondsey Abbey,Unknown,,,,,
[P0371],"Quarr Abbey,Isle of Wight,England","Quarr Abbey,Isle of Wight,England",Unknown,,,,,
[P0372],"Sanctuary,Westminster,England","Sanctuary,Westminster,England",Unknown,,,,,
[P0373],Shrewsbury,Shrewsbury,Unknown,,,,,
[P0374],"Westminster,Palace","Westminster,Palace",Unknown,,,,,
[P0375],Eltham Palace,Eltham Palace,Unknown,,,,,
[P0376],Tiverton,Tiverton,Unknown,,,,,
[P0377],Dartford,Dartford,Unknown,,,,,
[P0378],"London,,England","London,,England",Unknown,,,,,
[P0379],"Westminster,Palace,England","Westminster,Palace,England",Unknown,,,,,
[P0380],Tewkesbury,Tewkesbury,Unknown,,,,,
[P0381],Malmo,Malmo,Unknown,,,,,
[P0382],"Grunau,Austria","Grunau,Austria",Unknown,,,,,
[P0383],",Switzerland",",Switzerland",Unknown,,,,,
[P0384],Jassy,Jassy,Unknown,,,,,
[P0385],"Estoril,Portugal","Estoril,Portugal",Unknown,,,,,
[P0386],Stockholm,Stockholm,Unknown,,,,,
[P0387],Stuttgart,Stuttgart,Unknown,,,,,
[P0388],"Het Loo,Apeldoorn","Het Loo,Apeldoorn",Unknown,,,,,
[P0389],"Cotroceni Palace,Bucharest,Romania","Cotroceni Palace,Bucharest,Romania",Unknown,,,,,
[P0390],"Neuwied,Germany","Neuwied,Germany",Unknown,,,,,
[P0391],"Curtea de Arges,Romania","Curtea de Arges,Romania",Unknown,,,,,
[P0392],"Marche-les-Dames,Near Namur","Marche-les-Dames,Near Namur",Unknown,,,,,
[P0393],Possenhofen,Possenhofen,Unknown,,,,,
[P0394],"Highbury,London,England","Highbury,London,England",Unknown,,,,,
[P0395],Darmstadt,Darmstadt,Unknown,,,,,
[P0396],"Near,Heidelberg,Germany","Near,Heidelberg,Germany",Unknown,,,,,
[P0397],Strassburg,Strassburg,Unknown,,,,,
[P0399],"St. Boniface,Church,Munich","St. Boniface,Church,Munich",Unknown,,,,,
[P0398],Nice,Nice,Unknown,,,,,
[P0400],Munich,Munich,Unknown,,,,,
[P0401],"Schloss,Hohenschwangau","Schloss,Hohenschwangau",Unknown,,,,,
[P0402],"Schloss,Nymphenburg","Schloss,Nymphenburg",Unknown,,,,,
[P0404],"St. Michaels,Church,Munich","St. Michaels,Church,Munich",Unknown,,,,,
[P0403],"Starnbergersee,Near Schloss,Berg","Starnbergersee,Near Schloss,Berg",Unknown,,,,,
[P0405],"Near,Munich","Near,Munich",Unknown,,,,,
[P0406],"Salzburg,Austria","Salzburg,Austria",Unknown,,,,,
[P0407],"Bamberg,Germany","Bamberg,Germany",Unknown,,,,,
[P0408],"Sans Souci,Potsdam,Germany","Sans Souci,Potsdam,Germany",Unknown,,,,,
[P0409],"Coln au Der,Spree","Coln au Der,Spree",Unknown,,,,,
[P0410],Grabow,Grabow,Unknown,,,,,
[P0411],Dotzingen,Dotzingen,Unknown,,,,,
[P0412],"Pont-a-Mousson,Lorraine","Pont-a-Mousson,Lorraine",Unknown,,,,,
[P0414],"Angers,Cathedral","Angers,Cathedral",Unknown,,,,,
[P0413],"Chateau de,Dampiere,Near Saumur","Chateau de,Dampiere,Near Saumur",Unknown,,,,,
[P0415],Monmouth,Monmouth,Unknown,,,,,
[P0416],"Bois de,Vincennes","Bois de,Vincennes",Unknown,,,,,
[P0417],"Bermondsey,Abbey","Bermondsey,Abbey",Unknown,,,,,
[P0418],"Bolingbrooke,Castle","Bolingbrooke,Castle",Unknown,,,,,
[P0419],"Canterbury,Cathedral,England","Canterbury,Cathedral,England",Unknown,,,,,
[P0420],"Peterborough,Castle","Peterborough,Castle",Unknown,,,,,
[P0422],Beauge,Beauge,Unknown,,,,,
[P0421],Kenilworth,Kenilworth,Unknown,,,,,
[P0423],Rouen,Rouen,Unknown,,,,,
[P0424],Bury St. Edmunds,Bury St. Edmunds,Unknown,,,,,
[P0425],Germany,Germany,Unknown,,,,,
[P0426],"Convent,of Vadstena","Convent,of Vadstena",Unknown,,,,,
[P0427],Sheen Palace,Sheen Palace,Unknown,,,,,
[P0428],Valenciennes,Valenciennes,Unknown,,,,,
[P0429],"Woodstock,Oxfordshire,England","Woodstock,Oxfordshire,England",Unknown,,,,,
[P0430],"Canterbury,Cathedral,London,England","Canterbury,Cathedral,London,England",Unknown,,,,,
[P0431],Woodstock,Woodstock,Unknown,,,,,
[P0432],London,London,Unknown,,,,,
[P0433],Bayonne,Bayonne,Unknown,,,,,
[P0434],Hatfield Herts,Hatfield Herts,Unknown,,,,,
[P0436],"Dublin,Ireland","Dublin,Ireland",Unknown,,,,,
[P0435],"Antwerp,Belgium","Antwerp,Belgium",Unknown,,,,,
[P0438],Leicester Castle,Leicester Castle,Unknown,,,,,
[P0437],Ghent,Ghent,Unknown,,,,,
[P0439],"Kings Langley,Herts","Kings Langley,Herts",Unknown,,,,,
[P0440],Tower of London,Tower of London,Unknown,,,,,
[P0441],"Waltham,Near Winchester","Waltham,Near Winchester",Unknown,,,,,
[P0442],Calais,Calais,Unknown,,,,,
[P0443],"Bolingbroke,Castle","Bolingbroke,Castle",Unknown,,,,,
[P0444],"Linlithgow,Scotland","Linlithgow,Scotland",Unknown,,,,,
[P0445],",England",",England",Unknown,,,,,
[P0446],"Orleans,France","Orleans,France",Unknown,,,,,
[P0447],"Stirling,Scotland","Stirling,Scotland",Unknown,,,,,
[P0448],"Eltham Palace,Kent","Eltham Palace,Kent",Unknown,,,,,
[P0449],Perth,Perth,Unknown,,,,,
[P0450],Deventer,Deventer,Unknown,,,,,
[P0451],Hertford,Hertford,Unknown,,,,,
[P0452],Near Carlisle,Near Carlisle,Unknown,,,,,
[P0453],Castile,Castile,Unknown,,,,,
[P0454],"Herdeby,Near Grantham,Lincolnshire","Herdeby,Near Grantham,Lincolnshire",Unknown,,,,,
[P0455],"Westminster,London,England","Westminster,London,England",Unknown,,,,,
[P0456],"Merton,Surrey","Merton,Surrey",Unknown,,,,,
[P0457],Holy Land,Holy Land,Unknown,,,,,
[P0458],"Acre,Palestine","Acre,Palestine",Unknown,,,,,
[P0459],"Clare,Suffolk,England","Clare,Suffolk,England",Unknown,,,,,
[P0460],Bordeaux,Bordeaux,Unknown,,,,,
[P0461],Brussels,Brussels,Unknown,,,,,
[P0462],Kennington,Kennington,Unknown,,,,,
[P0463],Amesbury,Amesbury,Unknown,,,,,
[P0464],Rhuddlan Castle,Rhuddlan Castle,Unknown,,,,,
[P0465],Aquitaine,Aquitaine,Unknown,,,,,
[P0466],"Marlborough,Castle","Marlborough,Castle",Unknown,,,,,
[P0467],"Brotherton,Yorkshire,England","Brotherton,Yorkshire,England",Unknown,,,,,
[P0468],Winchester,Winchester,Unknown,,,,,
[P0469],"Winchester,Castle","Winchester,Castle",Unknown,,,,,
[P0470],Aix-en-Provence,Aix-en-Provence,Unknown,,,,,
[P0471],"Amesbury,Wiltshire","Amesbury,Wiltshire",Unknown,,,,,
[P0472],"Convent Church,Amesbury","Convent Church,Amesbury",Unknown,,,,,
[P0473],"Cupar Castle,Fife","Cupar Castle,Fife",Unknown,,,,,
[P0474],Westminster,Westminster,Unknown,,,,,
[P0475],Maastricht,Maastricht,Unknown,,,,,
[P0476],"Schloss Rahr,Near Aachen","Schloss Rahr,Near Aachen",Unknown,,,,,
[P0477],"Szczecin,Poland","Szczecin,Poland",Unknown,,,,,
[P0478],"Kiel,Germany","Kiel,Germany",Unknown,,,,,
[P0479],"Jakobstadt,Latvia","Jakobstadt,Latvia",Unknown,,,,,
[P0480],"Near Moscow,Russia","Near Moscow,Russia",Unknown,,,,,
[P0481],Lincoln,Lincoln,Unknown,,,,,
[P0482],Agincourt,Agincourt,Unknown,,,,,
[P0483],"St Germain-en-,Laye,France","St Germain-en-,Laye,France",Unknown,,,,,
[P0484],"St Denis,France","St Denis,France",Unknown,,,,,
[P0485],"Barking Abbey,Essex,England","Barking Abbey,Essex,England",Unknown,,,,,
[P0486],",,,Ireland",",,,Ireland",Unknown,,,,,
[P0487],"Beaumont Palace,Oxford,England","Beaumont Palace,Oxford,England",Unknown,,,,,
[P0488],"Newark Castle,Newark,Nottinghamshire,England","Newark Castle,Newark,Nottinghamshire,England",Unknown,,,,,
[P0489],"Worcester,Cathedral","Worcester,Cathedral",Unknown,,,,,
[P0490],Angouleme,Angouleme,Unknown,,,,,
[P0491],Fontevraud,Fontevraud,Unknown,,,,,
[P0492],Fontevraud Abbey,Fontevraud Abbey,Unknown,,,,,
[P0494],"Newark Castle,Newark,England","Newark Castle,Newark,England",Unknown,,,,,
[P0493],"Winchester,Castle,England","Winchester,Castle,England",Unknown,,,,,
[P0495],"Gloucester,England","Gloucester,England",Unknown,,,,,
[P0497],Gloucester,Gloucester,Unknown,,,,,
[P0496],"Near London,England","Near London,England",Unknown,,,,,
[P0498],Foggia,Foggia,Unknown,,,,,
[P0499],"Montargis,France","Montargis,France",Unknown,,,,,
[P0501],Chinon,Chinon,Unknown,,,,,
[P0500],Le Mans,Le Mans,Unknown,,,,,
[P0502],Bordeaux/Berlin,Bordeaux/Berlin,Unknown,,,,,
[P0504],"Wallingford,Castle,Berkshire,England","Wallingford,Castle,Berkshire,England",Unknown,,,,,
[P0503],"Normandy,England","Normandy,England",Unknown,,,,,
[P0506],Martel,Martel,Unknown,,,,,
[P0505],Bermondsey,Bermondsey,Unknown,,,,,
[P0507],Brunswick,Brunswick,Unknown,,,,,
[P0508],"Chalus,Limousin","Chalus,Limousin",Unknown,,,,,
[P0510],Burgos,Burgos,Unknown,,,,,
[P0509],"Domfront,Normandy","Domfront,Normandy",Unknown,,,,,
[P0511],Angers,Angers,Unknown,,,,,
[P0512],"Falaise,Normandy,France","Falaise,Normandy,France",Unknown,,,,,
[P0514],"St Stephen Abbey,Caen,Normandy","St Stephen Abbey,Caen,Normandy",Unknown,,,,,
[P0513],"Near Rouen,France","Near Rouen,France",Unknown,,,,,
[P0516],Caen,Caen,Unknown,,,,,
[P0515],"Flanders,France","Flanders,France",Unknown,,,,,
[P0517],"Holy Trinity,Abbey,Caen","Holy Trinity,Abbey,Caen",Unknown,,,,,
[P0519],Cardiff Castle,Cardiff Castle,Unknown,,,,,
[P0518],"Normandy,France","Normandy,France",Unknown,,,,,
[P0520],New Forest,New Forest,Unknown,,,,,
[P0521],"Winchester,Cathedral","Winchester,Cathedral",Unknown,,,,,
[P0522],"Marcigny-sur-,Loire,France","Marcigny-sur-,Loire,France",Unknown,,,,,
[P0523],"Brittany,France","Brittany,France",Unknown,,,,,
[P0524],"Selby,Yorkshire,England","Selby,Yorkshire,England",Unknown,,,,,
[P0525],"St Denis-le-,Fermont,Near Gisors","St Denis-le-,Fermont,Near Gisors",Unknown,,,,,
[P0526],Reading Abbey,Reading Abbey,Unknown,,,,,
[P0528],"Afflighem,Flanders","Afflighem,Flanders",Unknown,,,,,
[P0527],"Louvain,Belgium","Louvain,Belgium",Unknown,,,,,
[P0529],Dover Castle,Dover Castle,Unknown,,,,,
[P0530],Faversham Abbey,Faversham Abbey,Unknown,,,,,
[P0532],"Hedingham Castle,Essex,England","Hedingham Castle,Essex,England",Unknown,,,,,
[P0531],Boulogne,Boulogne,Unknown,,,,,
[P0533],Bury St Edmunds,Bury St Edmunds,Unknown,,,,,
[P0534],Toulouse,Toulouse,Unknown,,,,,
[P0535],St Austrebert,St Austrebert,Unknown,,,,,
[P0536],Utrecht,Utrecht,Unknown,,,,,
[P0537],Chateau-du-Loir,Chateau-du-Loir,Unknown,,,,,
[P0538],"Bordeaux,France","Bordeaux,France",Unknown,,,,,
[P0539],"Pontefract,Castle","Pontefract,Castle",Unknown,,,,,
[P0540],Prague,Prague,Unknown,,,,,
[P0541],Blois,Blois,Unknown,,,,,
[P0542],"Celestines,Paris","Celestines,Paris",Unknown,,,,,
[P0543],"Leicester,England","Leicester,England",Unknown,,,,,
[P0544],Dublin,Dublin,Unknown,,,,,
[P0546],"Niort,France","Niort,France",Unknown,,,,,
[P0545],St Denis,St Denis,Unknown,,,,,
[P0547],"St Cyr,France","St Cyr,France",Unknown,,,,,
[P0548],St Cyr,St Cyr,Unknown,,,,,
[P0549],"Vienna,Austria","Vienna,Austria",Unknown,,,,,
[P0550],"Cardoss Castle,Firth of Clyde,Scotland","Cardoss Castle,Firth of Clyde,Scotland",Unknown,,,,,
[P0551],"Edinburgh,Scotland","Edinburgh,Scotland",Unknown,,,,,
[P0552],"Roxburgh Castle,Scotland","Roxburgh Castle,Scotland",Unknown,,,,,
[P0553],St. Paul's,St. Paul's,Unknown,,,,,
[P0554],"Islip,Oxfordshire,England","Islip,Oxfordshire,England",Unknown,,,,,
[P0555],Hastings,Hastings,Unknown,,,,,
[P0556],"Shaftesbury,England","Shaftesbury,England",Unknown,,,,,
[P0557],"Winchester,Cathedral,London,England","Winchester,Cathedral,London,England",Unknown,,,,,
[P0559],"St Clement Danes,London,England","St Clement Danes,London,England",Unknown,,,,,
[P0558],"Oxford,England","Oxford,England",Unknown,,,,,
[P0560],"Cooksville,Near Toronto,Ontario,Canada","Cooksville,Near Toronto,Ontario,Canada",Unknown,,,,,
[P0561],Stockwell,Stockwell,Unknown,,,,,
[P0562],Beaumaris Castle,Beaumaris Castle,Unknown,,,,,
[P0563],Pamplona,Pamplona,Unknown,,,,,
[P0565],"Canterbury,Cathedral,,England","Canterbury,Cathedral,,England",Unknown,,,,,
[P0564],"Havering atte,Bower,Essex,England","Havering atte,Bower,Essex,England",Unknown,,,,,
[P0566],"Talence,Gironde,France","Talence,Gironde,France",Unknown,,,,,
[P0567],"Heidelberg,Germany","Heidelberg,Germany",Unknown,,,,,
[P0568],"Milan,Italy","Milan,Italy",Unknown,,,,,
[P0569],"Pau,Bearn,France","Pau,Bearn,France",Unknown,,,,,
[P0570],"Marseilles,France","Marseilles,France",Unknown,,,,,
[P0571],"Christiansborg,Nr: Copenhagen,Denmark","Christiansborg,Nr: Copenhagen,Denmark",Unknown,,,,,
[P0572],"Amalienborg,Denmark","Amalienborg,Denmark",Unknown,,,,,
[P0573],"Fredensborg,Denmark","Fredensborg,Denmark",Unknown,,,,,
[P0574],Klausholm,Klausholm,Unknown,,,,,
[P0575],Flensborg,Flensborg,Unknown,,,,,
[P0576],Frederiksborg,Frederiksborg,Unknown,,,,,
[P0578],"Haderslev,Denmark","Haderslev,Denmark",Unknown,,,,,
[P0577],Odense,Odense,Unknown,,,,,
[P0579],Herzberg,Herzberg,Unknown,,,,,
[P0580],Coldingen,Coldingen,Unknown,,,,,
[P0581],Sonderburg,Sonderburg,Unknown,,,,,
[P0582],Kiel,Kiel,Unknown,,,,,
[P0583],Keil,Keil,Unknown,,,,,
[P0584],Ludwigslust,Ludwigslust,Unknown,,,,,
[P0585],Glucksburg,Glucksburg,Unknown,,,,,
[P0586],Neustrelitz,Neustrelitz,Unknown,,,,,
[P0587],"Oldenburg,Germany","Oldenburg,Germany",Unknown,,,,,
[P0588],"Coburg,Germany","Coburg,Germany",Unknown,,,,,
[P0589],"St Marguerite,Cemetery,France","St Marguerite,Cemetery,France",Unknown,,,,,
[P0590],Claremont,Claremont,Unknown,,,,,
[P0592],Perpignan,Perpignan,Unknown,,,,,
[P0591],"Poissy,,,France","Poissy,,,France",Unknown,,,,,
[P0593],"Tunis,,,Africa","Tunis,,,Africa",Unknown,,,,,
[P0594],"Auvergne,France","Auvergne,France",Unknown,,,,,
[P0595],"Vincennes,France","Vincennes,France",Unknown,,,,,
[P0596],"Seville,,,Spain","Seville,,,Spain",Unknown,,,,,
[P0597],Glastonbury,Glastonbury,Unknown,,,,,
[P0598],Malmesbury,Malmesbury,Unknown,,,,,
[P0599],"Cognac,France","Cognac,France",Unknown,,,,,
[P0600],"Rambouillet,France","Rambouillet,France",Unknown,,,,,
[P0601],"Abbey Barbeaux,Melun,France","Abbey Barbeaux,Melun,France",Unknown,,,,,
[P0602],"Wantage,,,England","Wantage,,,England",Unknown,,,,,
[P0604],"Liege,,,Belgium","Liege,,,Belgium",Unknown,,,,,
[P0603],"Goslar,,,Germany","Goslar,,,Germany",Unknown,,,,,
[P0605],"Rome,,,Italy","Rome,,,Italy",Unknown,,,,,
[P0606],"Madrid,,,Spain","Madrid,,,Spain",Unknown,,,,,
[P0608],"Wilanow,Nr.,Warsaw,Poland","Wilanow,Nr.,Warsaw,Poland",Unknown,,,,,
[P0607],"Olesko,Now:,Ukraine,SSR","Olesko,Now:,Ukraine,SSR",Unknown,,,,,
[P0609],"Graz,Austria","Graz,Austria",Unknown,,,,,
[P0610],"Nancy,Lorraine","Nancy,Lorraine",Unknown,,,,,
[P0611],"Saint-Germain,en-Laye","Saint-Germain,en-Laye",Unknown,,,,,
[P0613],"Mantes,France","Mantes,France",Unknown,,,,,
[P0612],"Gonesse,Nr: Paris,France","Gonesse,Nr: Paris,France",Unknown,,,,,
[P0614],"Vitry-en-Brie,France","Vitry-en-Brie,France",Unknown,,,,,
[P0616],"Longchamp,France","Longchamp,France",Unknown,,,,,
[P0615],"Lyons,France","Lyons,France",Unknown,,,,,
[P0617],"Nogent-le-Roi,France","Nogent-le-Roi,France",Unknown,,,,,
[P0618],"Le Mans,France","Le Mans,France",Unknown,,,,,
[P0619],"Palace Royal,France,France","Palace Royal,France,France",Unknown,,,,,
[P0620],"Bourges,France","Bourges,France",Unknown,,,,,
[P0621],"Notre Dame,de Clery,France","Notre Dame,de Clery,France",Unknown,,,,,
[P0622],Amboise,Amboise,Unknown,,,,,
[P0623],Modano,Modano,Unknown,,,,,
[P0624],",Germany",",Germany",Unknown,,,,,
[P0625],"Nora,Sweden","Nora,Sweden",Unknown,,,,,
[P0626],"Bruges,Flanders","Bruges,Flanders",Unknown,,,,,
[P0627],"Sandringham,England","Sandringham,England",Unknown,,,,,
[P0628],Canada,Canada,Unknown,,,,,
[P0629],Austria,Austria,Unknown,,,,,
[P0630],France,France,Unknown,,,,,
[P0631],"Nr Cassel,France","Nr Cassel,France",Unknown,,,,,
[P0632],Zuidschote,Zuidschote,Unknown,,,,,
[P0633],"Florence,Italy","Florence,Italy",Unknown,,,,,
[P0634],"Winter Palace,,St. Petersburg,Russia","Winter Palace,,St. Petersburg,Russia",Unknown,,,,,
[P0635],"Whippingham,Isle of Wight","Whippingham,Isle of Wight",Unknown,,,,,
[P0636],"Chapel Royal,St. James Palace","Chapel Royal,St. James Palace",Unknown,,,,,
[P0637],"Osborne House,Isle of Wight","Osborne House,Isle of Wight",Unknown,,,,,
[P0638],"Westminster,Cathedral,London,England","Westminster,Cathedral,London,England",Unknown,,,,,
[P0639],"St. Paul's,Cathedral,London,England","St. Paul's,Cathedral,London,England",Unknown,,,,,
[P0640],"Chateau de Cande,Monts,,France","Chateau de Cande,Monts,,France",Unknown,,,,,
[P0641],"Winter Palace,St. Petersburg,Russia","Winter Palace,St. Petersburg,Russia",Unknown,,,,,
[P0642],"Windsor Castle,,,England","Windsor Castle,,,England",Unknown,,,,,
[P0643],"Windsor,England","Windsor,England",Unknown,,,,,
[P0644],"Chapel Royal,St James Palace,,England","Chapel Royal,St James Palace,,England",Unknown,,,,,
[P0645],"St. Margarets,Westminster,England","St. Margarets,Westminster,England",Unknown,,,,,
[P0646],Caxton Hall,Caxton Hall,Unknown,,,,,
[P0647],"Carlton House,London,England","Carlton House,London,England",Unknown,,,,,
[P0648],Bolongne,Bolongne,Unknown,,,,,
[P0649],"Chapel Royal,St. James","Chapel Royal,St. James",Unknown,,,,,
[P0650],"Church of,San Jeronimo,Madrid,Spain","Church of,San Jeronimo,Madrid,Spain",Unknown,,,,,
[P0651],"Bucharest,Romania","Bucharest,Romania",Unknown,,,,,
[P0652],"Oslo Cathedral,Oslo,Norway","Oslo Cathedral,Oslo,Norway",Unknown,,,,,
[P0653],"Tegernsee,,Bavaria","Tegernsee,,Bavaria",Unknown,,,,,
[P0654],"Chapel Royal,St. James,England","Chapel Royal,St. James,England",Unknown,,,,,
[P0655],Breda,Breda,Unknown,,,,,
[P0656],"Dover,,England","Dover,,England",Unknown,,,,,
[P0657],Monte Fiascone,Monte Fiascone,Unknown,,,,,
[P0658],Marcerata,Marcerata,Unknown,,,,,
[P0659],"Canterbury,,England","Canterbury,,England",Unknown,,,,,
[P0660],"Paris,,France","Paris,,France",Unknown,,,,,
[P0661],"Portsmouth,England","Portsmouth,England",Unknown,,,,,
[P0662],"Westminster,,England","Westminster,,England",Unknown,,,,,
[P0663],",London,England",",London,England",Unknown,,,,,
[P0664],"Chichester,Register Office,England","Chichester,Register Office,England",Unknown,,,,,
[P0665],"Dummer,,England","Dummer,,England",Unknown,,,,,
[P0666],"St. Pauls Cath.,London,England","St. Pauls Cath.,London,England",Unknown,,,,,
[P0667],Holyrod Abbey,Holyrod Abbey,Unknown,,,,,
[P0668],Abbeville,Abbeville,Unknown,,,,,
[P0669],"Grey Friars Ch.,Greenwich,England","Grey Friars Ch.,Greenwich,England",Unknown,,,,,
[P0670],"York Place,,England","York Place,,England",Unknown,,,,,
[P0672],"Winchester,Cathedral,,England","Winchester,Cathedral,,England",Unknown,,,,,
[P0671],"Durham House,London,England","Durham House,London,England",Unknown,,,,,
[P0673],"Salem,Bavaria","Salem,Bavaria",Unknown,,,,,
[P0674],"Dinard,,France","Dinard,,France",Unknown,,,,,
[P0675],"Asker,Near Oslo,Norway","Asker,Near Oslo,Norway",Unknown,,,,,
[P0676],Odessa,Odessa,Unknown,,,,,
[P0677],"Westminster,,London,England","Westminster,,London,England",Unknown,,,,,
[P0678],"St. Stephen's,Chapel,Westminster,England","St. Stephen's,Chapel,Westminster,England",Unknown,,,,,
[P0679],"Rio de Janerio,Brazil","Rio de Janerio,Brazil",Unknown,,,,,
[P0680],"Amsterdam,Netherlands","Amsterdam,Netherlands",Unknown,,,,,
[P0681],"Titchfield,Abbey,Hants","Titchfield,Abbey,Hants",Unknown,,,,,
[P0682],Troyes,Troyes,Unknown,,,,,
[P0684],York Minster,York Minster,Unknown,,,,,
[P0683],Arundel Castle,Arundel Castle,Unknown,,,,,
[P0685],Reading,Reading,Unknown,,,,,
[P0686],Ni jmegen,Ni jmegen,Unknown,,,,,
[P0687],Las Huelgas,Las Huelgas,Unknown,,,,,
[P0688],"Canterbury,Cathedral","Canterbury,Cathedral",Unknown,,,,,
[P0689],Therouenne,Therouenne,Unknown,,,,,
[P0690],Leghorn,Leghorn,Unknown,,,,,
[P0691],Marlebridge,Marlebridge,Unknown,,,,,
[P0692],"Westminster,England","Westminster,England",Unknown,,,,,
[P0693],Mainz,Mainz,Unknown,,,,,
[P0694],Biarritz,Biarritz,Unknown,,,,,
[P0695],Roquefort,Roquefort,Unknown,,,,,
[P0696],"St Jean-de-Luz,France","St Jean-de-Luz,France",Unknown,,,,,
[P0697],Berwick-on-Tweed,Berwick-on-Tweed,Unknown,,,,,
[P0698],"Minden,Saxony,Germany","Minden,Saxony,Germany",Unknown,,,,,
[P0699],",,,Russia",",,,Russia",Unknown,,,,,
[P0700],"Fawley,Bucks","Fawley,Bucks",Unknown,,,,,
[P0702],Worms,Worms,Unknown,,,,,
[P0701],"Kaiserslautern,Germany","Kaiserslautern,Germany",Unknown,,,,,
[P0703],York,York,Unknown,,,,,
[P0704],Ipswich,Ipswich,Unknown,,,,,
[P0705],"Cologne,Germany","Cologne,Germany",Unknown,,,,,
[P0706],Lund,Lund,Unknown,,,,,
[P0707],"Saille,Near Guerrand","Saille,Near Guerrand",Unknown,,,,,
[P0708],Sceaux,Sceaux,Unknown,,,,,
[P0709],"Frederiksborg,Denmark","Frederiksborg,Denmark",Unknown,,,,,
[P0710],Gluckstadt,Gluckstadt,Unknown,,,,,
[P0711],Lauenburg,Lauenburg,Unknown,,,,,
[P0712],Augustenburg,Augustenburg,Unknown,,,,,
[P0713],Compiegne,Compiegne,Unknown,,,,,
[P0714],"Guildhall,London,England","Guildhall,London,England",Unknown,,,,,
